location,area_sqft,bedrooms,bathrooms,stories,age_years,garage,balcony,basement,nearby_school_score,crime_rate,property_type,price
Downtown,642,2,3,3,22,2,1,0,6.88,1.28,Villa,723692.22
Uptown,1342,2,2,2,26,0,0,1,8.14,0.8,Apartment,745493.4
Hillview,1104,1,2,3,26,2,0,1,7.53,0.87,Condo,788793.86
Old Town,863,2,2,2,11,0,1,1,9.68,1.29,Villa,697185.47
Old Town,1443,3,3,2,25,2,1,1,7.05,1.31,Condo,800754.27
Lakeview,2829,1,1,1,8,0,0,1,5.41,1.21,Villa,933946.2
Downtown,2076,2,2,2,25,1,1,0,6.51,1.24,Villa,888732.44
Hillview,2810,1,3,3,27,2,1,1,8.03,1.33,Apartment,1088796.01
Suburban,2326,1,2,3,35,0,0,0,6.28,0.21,Townhouse,856646.57
Downtown,2530,1,1,1,36,1,0,1,6.34,0.47,Apartment,825575.46
Old Town,1605,3,1,1,0,2,1,0,6.7,1.47,Townhouse,722945.9
Lakeview,2388,4,2,3,11,0,0,0,8.73,0.84,Condo,1072372.99
Uptown,2501,4,3,2,21,0,1,1,9.7,0.31,Villa,1180121.25
Uptown,1783,4,2,3,12,2,0,1,6.75,0.78,Condo,977937.63
Uptown,2408,4,3,1,24,0,1,1,5.98,0.99,Townhouse,932367.91
Uptown,2411,5,2,2,34,2,1,0,7.1,1.25,Apartment,952651.1
Old Town,1798,2,2,1,10,2,0,0,6.76,1.23,Apartment,710416.57
Downtown,1482,4,1,3,35,2,1,0,9.95,0.12,Townhouse,912347.74
Uptown,1449,5,2,3,35,2,1,1,7.32,0.71,Townhouse,932560.69
Old Town,2148,3,1,1,36,2,1,0,8.4,0.08,Apartment,851296.92
Old Town,2280,5,3,1,2,1,0,0,9.57,1.34,Townhouse,986909.76
Riverside,1664,1,1,3,11,2,0,1,8.15,0.3,Condo,907774.44
Suburban,2115,5,3,1,4,1,1,1,6.25,0.96,Apartment,931577.04
Lakeview,2414,3,1,3,4,1,1,1,8.04,0.88,Condo,1107049.18
Uptown,2440,2,2,3,2,0,0,0,7.01,0.96,Townhouse,1006478.49
Hillview,2954,1,1,1,17,2,0,0,7.11,0.87,Townhouse,1007862.67
Riverside,2802,4,1,1,3,1,0,1,9.9,1.09,Apartment,1017187.44
Uptown,1549,3,3,3,11,2,1,0,6.39,0.96,Townhouse,903157.27
Old Town,3026,2,1,1,39,1,1,1,7.34,0.18,Villa,983256.0
Old Town,1808,2,2,2,35,0,1,0,5.8,0.58,Villa,765943.26
Old Town,2675,5,3,1,37,1,0,0,5.89,0.84,Condo,926596.03
Suburban,2137,3,2,2,1,2,0,0,8.02,0.52,Apartment,917031.44
Downtown,1873,1,1,2,26,1,0,0,8.76,1.15,Apartment,782560.94
Old Town,1106,2,2,3,25,2,1,0,8.18,0.51,Villa,781145.07
Lakeview,2006,1,2,3,5,0,0,0,6.65,1.25,Townhouse,843742.7
Downtown,1242,4,1,2,36,2,0,1,5.3,0.26,Apartment,709907.85
Lakeview,2632,5,1,2,16,2,0,1,7.35,1.17,Condo,1073901.11
Uptown,2934,5,2,2,39,2,0,0,7.52,0.32,Townhouse,1130147.02
Suburban,1662,4,2,3,4,0,1,1,8.85,0.82,Condo,906857.75
Hillview,2266,4,1,1,26,1,1,0,8.2,0.51,Villa,988291.11
Suburban,1701,3,2,1,5,0,1,0,9.36,0.97,Apartment,788941.08
Uptown,1754,4,2,2,37,1,1,0,8.91,0.36,Apartment,886599.35
Hillview,2526,1,1,3,24,2,0,1,6.83,1.2,Townhouse,958881.46
Riverside,2079,3,2,3,3,1,0,1,8.16,0.88,Townhouse,982229.41
Downtown,3057,3,3,1,8,2,0,1,8.74,1.44,Townhouse,1151251.12
Lakeview,1835,1,2,1,14,2,1,1,9.78,1.08,Condo,904129.91
Old Town,2650,3,2,2,0,2,1,1,7.11,0.93,Condo,1033822.25
Lakeview,2154,4,3,2,0,2,0,0,8.24,1.25,Townhouse,1094555.9
Hillview,2538,2,2,2,37,1,1,0,6.96,0.37,Apartment,1006070.05
Uptown,1854,3,1,1,39,2,1,0,8.69,0.97,Townhouse,824839.3
Uptown,2073,2,2,3,21,0,0,0,9.56,0.62,Condo,983504.08
Suburban,2036,2,2,3,36,2,1,1,9.6,1.13,Condo,941566.26
Riverside,1640,1,2,3,26,1,1,0,5.79,0.09,Condo,821696.22
Old Town,2464,2,1,2,1,2,0,0,6.02,0.67,Apartment,901634.31
Old Town,2458,5,1,1,28,1,0,0,8.77,0.99,Villa,900213.54
Downtown,2426,5,2,2,0,0,1,1,8.16,0.72,Townhouse,1046924.32
Old Town,2945,4,3,1,32,2,1,1,9.53,0.4,Apartment,1081767.8
Suburban,2897,4,3,1,14,2,1,1,6.57,0.72,Villa,1076708.82
Uptown,1894,4,3,2,5,0,0,1,9.24,1.28,Apartment,970502.87
Hillview,2305,3,1,2,10,0,1,1,8.42,0.35,Apartment,1020019.3
Lakeview,1757,3,2,1,27,1,1,1,5.98,0.58,Apartment,806818.19
Uptown,2113,4,2,3,33,1,0,1,5.63,1.49,Condo,946093.92
Riverside,1770,4,2,1,22,1,1,1,8.51,1.37,Condo,865715.63
Lakeview,2991,3,2,2,6,0,0,0,5.79,0.1,Villa,1126188.29
Riverside,2300,3,2,2,36,1,0,1,8.97,0.82,Apartment,941767.17
Riverside,1980,3,1,2,31,1,1,0,7.79,0.14,Villa,903257.8
Lakeview,2756,2,3,3,16,2,0,0,7.38,1.39,Villa,1170318.97
Riverside,906,2,3,3,22,1,1,0,6.38,0.69,Apartment,729547.35
Downtown,992,1,1,3,38,1,1,1,9.92,0.66,Townhouse,756505.12
Old Town,2538,3,2,2,15,0,1,0,8.61,0.45,Condo,971726.58
Uptown,2133,4,2,1,1,1,1,0,8.89,0.87,Condo,951459.93
Suburban,2238,4,3,2,5,1,1,0,8.84,0.26,Condo,990416.14
Old Town,1370,5,3,2,24,0,1,1,7.92,1.21,Condo,821242.91
Downtown,2087,1,2,2,39,2,1,0,9.7,0.76,Apartment,868344.37
Hillview,3202,4,3,2,29,2,1,1,7.92,0.87,Townhouse,1262644.64
Old Town,2553,4,3,1,24,0,0,1,7.6,1.27,Townhouse,954833.42
Riverside,2193,3,3,2,12,1,0,1,6.37,0.32,Apartment,923429.2
Suburban,1859,2,1,3,17,2,0,0,6.41,0.3,Apartment,824224.98
Old Town,1883,2,3,2,1,0,1,0,8.68,0.66,Townhouse,929976.86
Hillview,929,4,2,3,14,0,1,1,6.67,1.19,Townhouse,776232.94
Lakeview,2242,5,1,3,24,1,1,0,8.64,0.13,Apartment,1041854.66
Old Town,2565,4,3,3,36,0,0,0,9.76,1.2,Villa,1096721.98
Suburban,1233,3,3,1,36,1,0,0,7.2,0.78,Apartment,647223.12
Uptown,1736,4,2,3,32,0,0,0,5.49,0.86,Apartment,778466.9
Hillview,1463,1,2,2,0,2,1,0,8.33,0.87,Townhouse,861134.24
Hillview,1569,4,2,2,32,1,1,0,5.05,0.13,Townhouse,819904.55
Downtown,2129,1,1,2,8,0,0,0,8.94,0.41,Condo,860049.71
Riverside,954,5,3,1,24,2,1,1,7.63,1.15,Condo,736202.75
Uptown,2438,5,1,3,37,0,0,1,7.45,0.65,Apartment,1025120.1
Uptown,2515,3,2,2,35,1,1,1,7.85,0.86,Villa,1053887.46
Old Town,1962,2,1,3,26,2,1,0,7.58,1.42,Condo,766029.79
Uptown,736,4,3,3,11,2,0,1,6.62,0.12,Apartment,840430.31
Uptown,1552,4,3,2,20,0,1,0,6.41,0.7,Condo,827316.72
Riverside,2778,4,2,3,28,1,1,0,7.08,0.57,Condo,1118657.94
Lakeview,572,3,2,2,20,2,1,1,9.47,0.2,Apartment,779240.2
Riverside,1909,2,3,2,16,2,0,0,5.68,1.43,Apartment,839723.95
Suburban,1451,1,3,3,16,0,0,0,6.62,1.44,Townhouse,715016.48
Hillview,2543,2,3,3,23,2,0,1,5.96,0.5,Villa,1106588.31
Hillview,1729,3,1,3,1,0,0,0,7.14,1.42,Condo,831378.77
Downtown,2322,3,2,3,39,1,1,0,5.67,0.1,Townhouse,976544.6
Uptown,2411,3,3,2,4,0,1,1,8.8,1.47,Townhouse,1069830.23
Suburban,3110,2,1,3,39,0,1,0,5.52,1.26,Apartment,933167.02
Uptown,1988,5,3,1,1,0,0,1,8.33,0.36,Villa,991219.46
Downtown,2307,2,1,3,20,0,1,0,6.34,0.92,Apartment,854570.48
Uptown,1283,5,3,2,16,2,1,0,7.36,1.21,Apartment,888666.28
Uptown,2755,2,2,2,22,1,1,0,6.0,0.51,Apartment,980918.57
Uptown,1682,3,3,3,17,1,1,0,8.65,0.56,Condo,956442.21
Hillview,1792,4,3,1,35,1,1,0,9.74,0.96,Apartment,925464.69
Old Town,2088,2,1,3,0,1,0,1,6.11,0.26,Townhouse,876770.92
Hillview,1240,2,2,2,39,0,0,0,9.77,0.22,Townhouse,719120.59
Suburban,2226,2,3,2,27,0,1,1,6.63,0.41,Apartment,862158.33
Uptown,2632,5,1,1,31,2,0,1,7.79,1.12,Condo,1010612.23
Old Town,2261,1,3,2,5,0,0,0,8.51,0.58,Townhouse,896742.21
Old Town,1226,3,1,3,2,2,1,1,6.0,0.79,Apartment,719669.26
Old Town,2032,4,2,1,15,2,0,0,7.22,0.33,Apartment,888361.49
Old Town,2508,4,2,2,12,0,1,0,5.34,0.33,Townhouse,946727.42
Downtown,1067,3,3,3,31,0,0,1,8.49,0.99,Townhouse,811785.37
Downtown,1509,1,3,2,35,0,0,0,7.08,0.21,Villa,801310.26
Suburban,2582,1,2,2,17,1,0,1,9.46,1.02,Villa,973296.89
Downtown,2249,3,1,2,30,0,0,1,6.37,0.63,Apartment,858591.97
Old Town,2327,5,2,1,2,2,0,1,9.62,1.02,Apartment,1019746.34
Hillview,3123,1,2,2,29,1,0,0,5.71,0.6,Townhouse,1060047.76
Hillview,2358,5,3,3,3,2,1,1,8.03,1.28,Villa,1234271.58
Old Town,2462,4,3,2,26,2,0,1,6.54,0.13,Villa,1088388.24
Uptown,3591,1,2,2,15,1,0,0,5.91,1.35,Villa,1083144.47
Old Town,1982,2,3,1,16,1,1,0,5.47,0.44,Townhouse,800986.63
Downtown,1661,2,1,3,11,0,0,0,8.28,0.11,Villa,861065.64
Uptown,2335,5,1,3,16,0,0,1,6.17,0.87,Villa,1066754.2
Hillview,2341,3,1,3,34,1,0,1,7.86,0.38,Villa,1081839.49
Hillview,1810,2,3,2,32,1,0,1,9.9,0.72,Townhouse,923836.78
Old Town,1532,2,1,2,13,1,1,0,6.58,1.21,Apartment,673210.55
Old Town,3370,3,2,2,11,0,1,0,5.17,1.2,Condo,1023012.74
Downtown,2280,1,3,1,20,2,0,0,5.71,0.92,Townhouse,892319.78
Old Town,1697,2,3,1,27,1,1,1,5.6,1.47,Apartment,650369.54
Uptown,2604,1,3,2,7,1,0,0,7.32,0.72,Condo,940679.44
Riverside,2040,4,1,2,29,1,0,1,8.72,0.11,Condo,929353.71
Hillview,1961,4,2,1,37,1,0,1,6.48,1.24,Apartment,763294.58
Downtown,2409,3,2,3,33,1,0,1,5.73,0.37,Apartment,985784.31
Riverside,1389,1,3,2,21,2,0,0,8.2,0.31,Apartment,805225.19
Old Town,2294,2,2,3,12,1,0,0,6.51,0.15,Apartment,953622.0
Lakeview,3152,5,2,1,12,0,1,1,7.88,0.53,Townhouse,1155795.79
Suburban,2356,2,1,1,29,2,0,0,9.67,0.52,Apartment,878909.54
Suburban,1893,1,1,1,18,0,0,1,6.46,0.49,Villa,750027.75
Riverside,1821,1,2,3,4,0,0,0,7.56,0.91,Condo,789387.0
Lakeview,1874,5,1,1,27,0,0,0,9.03,1.14,Townhouse,882803.69
Uptown,1960,1,2,3,5,2,0,1,8.46,1.41,Townhouse,965458.56
Downtown,1892,3,3,3,39,1,0,1,8.76,0.19,Apartment,966223.84
Suburban,2604,5,2,1,16,0,0,0,8.86,0.27,Condo,993454.51
Uptown,1147,4,2,2,13,2,0,1,7.7,0.91,Apartment,808976.64
Downtown,2574,3,1,1,2,0,0,0,7.68,0.19,Townhouse,964421.85
Uptown,1891,2,2,2,6,2,0,0,8.59,0.59,Townhouse,930368.5
Suburban,2307,1,2,1,37,2,0,1,8.49,0.96,Villa,900937.26
Lakeview,1480,1,1,3,21,0,0,0,8.35,1.18,Condo,739476.71
Riverside,2831,5,1,3,36,2,1,0,6.91,0.37,Condo,1086333.93
Old Town,2785,1,3,1,38,1,1,0,9.14,1.02,Apartment,922988.32
Hillview,2628,1,3,1,1,0,0,1,6.18,0.99,Condo,904420.81
Downtown,1267,5,2,3,15,1,0,0,5.78,1.3,Apartment,814674.51
Old Town,2556,3,3,2,33,1,0,0,6.73,0.5,Condo,966885.81
Old Town,2323,2,1,2,19,0,1,0,6.27,1.14,Condo,766012.14
Uptown,1217,4,1,3,20,2,1,1,8.32,1.14,Townhouse,877204.51
Lakeview,2087,3,3,1,22,0,1,0,6.16,0.4,Condo,862217.5
Hillview,2300,5,1,3,28,2,0,0,8.28,0.95,Condo,1011892.18
Riverside,2406,3,2,2,37,2,0,0,7.57,1.03,Townhouse,942949.37
Riverside,2197,4,1,2,35,1,0,0,5.76,0.45,Apartment,849402.08
Riverside,2260,5,1,2,25,0,1,0,6.29,0.71,Villa,951235.22
Uptown,2910,3,2,3,23,0,1,1,7.61,0.68,Condo,1112937.0
Riverside,2774,2,2,2,14,0,0,0,8.67,1.17,Apartment,983811.87
Suburban,523,5,3,1,4,1,1,0,6.99,0.05,Condo,647610.85
Riverside,1925,2,3,1,28,2,0,1,6.16,0.78,Apartment,806482.54
Downtown,2009,1,2,3,0,0,0,0,6.48,0.32,Townhouse,933529.17
Downtown,1136,3,2,2,27,2,0,0,5.48,0.99,Townhouse,667803.0
Downtown,2152,5,1,1,19,0,1,0,5.13,1.04,Apartment,790261.14
Uptown,2787,1,1,1,31,0,0,1,9.87,0.78,Villa,948872.65
Uptown,1502,5,1,1,37,1,1,1,5.48,0.84,Apartment,730075.04
Hillview,2285,5,3,3,22,2,1,1,5.62,0.51,Villa,1152038.81
Old Town,1596,5,1,3,22,2,0,0,9.35,0.5,Condo,923933.89
Uptown,1730,3,2,2,19,1,1,0,8.32,1.13,Apartment,858188.02
Suburban,2913,2,3,1,14,0,0,0,7.18,0.24,Condo,936899.56
Lakeview,1802,3,3,2,3,0,1,1,8.25,1.17,Townhouse,934255.95
Old Town,2354,1,2,1,1,2,0,0,9.67,1.0,Townhouse,906917.07
Lakeview,1071,5,1,2,28,0,0,0,5.5,1.33,Villa,732464.52
Suburban,3124,4,2,2,36,2,1,0,6.22,0.43,Condo,1150143.91
Old Town,2431,3,2,3,2,2,1,1,9.3,0.78,Villa,1146549.89
Hillview,2000,3,1,1,13,2,0,1,8.9,0.11,Townhouse,925687.5
Old Town,2417,4,3,1,24,0,1,1,9.97,1.37,Apartment,938513.87
Old Town,1325,3,3,1,28,0,0,0,6.57,1.03,Condo,640624.4
Suburban,2750,5,1,2,29,0,1,1,9.72,0.95,Townhouse,1041615.23
Riverside,1922,5,1,2,27,1,1,1,6.72,1.11,Apartment,871316.45
Suburban,1988,5,1,1,3,1,0,1,8.58,0.46,Townhouse,857655.57
Riverside,1830,4,3,3,10,0,1,1,9.41,0.93,Apartment,996228.74
Hillview,1781,4,1,2,18,1,1,1,5.85,1.21,Villa,875670.31
Hillview,2482,2,3,3,2,0,0,1,6.03,0.18,Townhouse,1066017.37
Hillview,2241,1,3,2,13,1,0,0,7.9,1.44,Condo,952823.07
Riverside,2458,3,2,1,15,0,0,1,9.22,1.34,Villa,927702.07
Lakeview,2095,5,2,1,39,2,0,0,5.39,1.45,Apartment,869917.98
Downtown,2382,1,3,2,12,0,0,0,9.25,1.22,Villa,998408.04
Riverside,1870,3,3,2,38,2,1,0,6.72,0.48,Condo,894458.41
Downtown,3326,1,1,3,28,0,1,1,7.03,0.89,Condo,1023725.19
Riverside,1238,3,1,3,27,0,0,1,6.7,0.22,Apartment,762399.92
Lakeview,2794,1,2,1,32,0,0,1,9.56,1.14,Apartment,946836.15
Riverside,2852,4,1,1,33,1,1,1,5.65,0.27,Condo,951771.48
Lakeview,1631,5,1,1,8,2,1,1,7.87,1.31,Townhouse,887217.93
Old Town,3326,4,3,1,16,0,0,1,5.74,0.4,Townhouse,1072726.34
Hillview,2648,4,2,1,21,2,0,0,9.64,0.28,Apartment,1050285.51
Old Town,2634,2,2,1,39,2,0,0,8.99,0.15,Villa,992243.76
Suburban,2115,3,1,2,1,1,0,0,6.17,1.08,Condo,810769.17
Uptown,1981,1,1,1,19,1,0,1,6.49,0.32,Apartment,785552.21
Lakeview,1985,2,1,1,8,2,0,1,6.91,0.34,Apartment,877239.89
Suburban,2315,3,2,1,8,2,0,1,7.03,0.3,Villa,1021341.74
Uptown,2871,4,1,3,30,0,0,0,9.09,0.49,Townhouse,1107689.17
Suburban,2200,1,2,2,8,2,0,0,7.82,1.41,Condo,840318.76
Uptown,1599,5,1,3,31,1,0,1,7.14,0.76,Townhouse,869276.44
Uptown,2553,3,2,1,39,0,0,1,8.6,0.43,Villa,1051373.58
Old Town,2607,5,2,1,31,2,1,0,7.29,0.3,Villa,1058412.7
Uptown,2460,3,1,2,6,2,0,0,5.64,0.08,Apartment,954889.5
Suburban,2510,3,2,2,5,1,0,1,5.54,0.58,Villa,1040728.88
Downtown,1951,4,1,1,17,2,1,0,6.63,0.21,Apartment,894884.06
Downtown,1589,5,1,1,22,0,1,0,8.01,0.09,Apartment,758438.06
Old Town,1622,1,3,2,31,2,0,0,5.67,0.2,Townhouse,752323.13
Lakeview,1200,3,3,1,16,1,0,0,7.75,0.51,Villa,818091.88
Downtown,2230,1,2,2,6,0,0,0,6.35,1.14,Townhouse,814847.87
Old Town,2054,3,3,3,39,1,1,0,8.48,0.15,Apartment,953105.51
Hillview,1858,5,2,2,36,0,0,0,5.14,1.03,Townhouse,860639.05
Suburban,474,5,1,2,26,1,0,1,7.35,0.95,Apartment,558788.48
Uptown,1414,2,3,2,27,2,1,0,5.26,1.33,Townhouse,782445.01
Riverside,2716,2,2,3,37,1,1,1,6.65,0.32,Townhouse,1076892.45
Uptown,1734,3,2,2,18,2,0,0,5.08,1.2,Villa,868125.51
Hillview,2298,2,2,2,5,1,0,1,7.35,1.3,Apartment,934749.59
Old Town,1335,1,1,3,24,2,1,0,8.84,1.47,Condo,700797.46
Suburban,2891,2,3,1,18,0,1,1,5.5,1.22,Apartment,931751.05
Old Town,2021,3,2,1,31,2,1,1,8.68,0.23,Apartment,849557.0
Uptown,2260,3,2,2,30,1,1,1,7.92,1.42,Villa,994469.8
Downtown,3379,5,1,1,18,2,0,1,7.52,1.23,Condo,1135457.89
Uptown,2934,3,3,1,14,0,1,1,8.0,0.36,Villa,1157060.28
Old Town,1931,2,1,1,16,0,1,1,6.68,0.29,Villa,764811.28
Uptown,1774,4,1,3,25,2,1,1,8.55,1.41,Townhouse,947476.6
Hillview,1921,4,3,2,25,2,0,0,8.9,0.28,Villa,1033533.38
Old Town,2380,3,1,3,20,2,0,1,8.89,1.18,Townhouse,1011932.11
Riverside,2042,3,2,1,21,1,0,1,6.35,0.64,Villa,865164.6
Hillview,1883,2,3,2,39,1,1,1,8.27,1.1,Townhouse,893988.15
Downtown,2907,5,3,2,10,1,1,1,5.74,0.18,Villa,1189689.59
Hillview,2037,5,2,2,6,2,0,0,7.48,1.1,Villa,1054487.64
Downtown,3365,1,3,3,31,0,1,1,5.01,0.79,Villa,1115525.99
Hillview,2150,2,3,3,37,0,1,1,5.97,1.36,Villa,934245.85
Hillview,3082,2,3,2,24,0,1,1,8.16,0.32,Condo,1154769.04
Downtown,2297,5,1,3,16,1,0,0,9.37,0.21,Villa,1113106.99
Uptown,2630,1,3,1,13,2,0,1,5.25,0.33,Condo,990486.13
Riverside,1701,2,1,1,18,1,0,0,7.79,0.16,Townhouse,749996.1
Uptown,1630,2,3,3,2,1,1,0,8.18,1.47,Townhouse,916771.85
Downtown,2353,3,1,1,21,1,1,1,9.66,0.23,Villa,1012247.48
Suburban,2644,2,1,1,10,0,0,0,8.28,0.34,Villa,962602.16
Old Town,2122,3,1,1,10,2,0,1,5.52,1.22,Condo,816206.82
Suburban,1392,4,2,1,22,2,1,1,5.73,0.41,Apartment,778190.93
Riverside,1352,5,1,2,38,2,1,0,8.18,0.37,Townhouse,820839.53
Hillview,1315,1,1,1,8,2,0,0,6.08,1.02,Condo,627229.26
Suburban,1128,1,2,2,36,1,0,0,9.64,0.63,Townhouse,710459.79
Hillview,2160,1,3,3,20,2,1,1,9.6,1.26,Apartment,1067818.99
Downtown,2719,5,2,1,38,1,1,1,9.74,0.98,Townhouse,1108490.47
Suburban,2093,4,2,3,15,2,1,1,6.46,0.47,Apartment,992466.23
Hillview,857,3,2,2,39,1,1,0,8.58,0.92,Condo,719455.21
Uptown,1995,4,2,2,26,2,0,0,8.32,1.31,Villa,1000534.69
Suburban,2010,3,2,2,26,0,1,0,5.18,0.58,Villa,843723.57
Riverside,3253,2,2,1,22,0,1,0,6.33,1.12,Condo,967749.34
Lakeview,1299,3,1,1,18,0,0,1,6.03,0.65,Villa,726274.88
Lakeview,1885,4,1,2,21,1,0,0,6.85,0.84,Apartment,842797.59
Hillview,3038,1,3,3,34,2,0,1,9.77,1.11,Condo,1162888.69
Old Town,2347,4,2,2,31,1,0,0,9.23,0.14,Townhouse,975722.74
Riverside,2410,3,1,2,0,2,0,1,6.47,0.71,Townhouse,940819.08
Hillview,2163,1,1,2,27,1,1,1,7.65,0.19,Apartment,892911.5
Hillview,2281,2,3,2,33,2,0,1,5.96,1.1,Villa,994165.67
Riverside,2528,3,1,1,29,2,1,0,6.39,0.93,Villa,949889.1
Downtown,1655,2,1,2,19,0,1,0,5.33,0.52,Villa,793417.93
Suburban,2583,2,3,3,13,2,1,0,8.21,0.16,Townhouse,1149247.36
Lakeview,1345,4,2,1,26,0,0,0,8.28,1.39,Apartment,757361.64
Riverside,2281,3,2,3,26,1,0,0,9.19,0.51,Villa,1032852.97
Old Town,2198,3,3,3,14,1,0,1,9.36,0.45,Condo,996241.02
Old Town,1761,4,1,1,16,0,1,1,5.8,0.2,Townhouse,780048.59
Uptown,2088,1,2,2,14,2,0,1,8.72,0.89,Villa,1013393.34
Downtown,1758,2,3,3,1,1,0,0,5.67,0.44,Apartment,924939.81
Downtown,1511,1,2,2,1,0,1,0,6.87,1.27,Apartment,721504.91
Suburban,1906,5,1,3,3,0,1,0,7.58,1.04,Villa,896562.4
Old Town,1493,1,3,3,16,0,0,0,5.25,0.06,Apartment,739280.24
Hillview,2278,5,3,2,20,0,1,1,5.78,0.87,Apartment,1007726.02
Old Town,1467,1,1,3,16,0,0,0,6.36,0.39,Condo,708761.88
Old Town,2492,2,1,3,38,0,0,1,5.64,0.07,Condo,914700.72
Lakeview,1450,4,3,3,8,2,0,0,9.67,0.95,Townhouse,1039540.84
Suburban,1789,5,1,3,15,2,1,0,6.44,0.35,Condo,909138.03
Hillview,1756,1,3,1,9,2,0,0,7.51,1.35,Villa,831752.07
Old Town,2829,2,1,1,11,1,0,0,9.98,0.88,Townhouse,970769.03
Old Town,2282,5,3,1,23,2,1,0,7.83,0.35,Condo,965949.62
Uptown,1984,2,3,1,12,2,0,0,7.06,1.47,Apartment,878998.43
Suburban,2374,2,2,3,12,0,0,1,9.65,0.84,Villa,988706.03
Lakeview,941,4,1,2,26,2,0,1,6.11,0.29,Apartment,754952.17
Riverside,2076,1,2,2,33,2,1,0,5.9,0.8,Condo,828068.37
Old Town,3199,5,3,1,8,1,1,0,7.68,1.44,Condo,1089050.83
Old Town,2173,5,3,3,4,1,1,1,7.14,0.67,Townhouse,1044212.09
Uptown,2137,5,1,2,9,1,0,0,8.98,0.67,Townhouse,951115.59
Old Town,2401,2,2,3,23,0,1,1,5.21,0.72,Villa,923694.28
Suburban,2593,1,3,1,38,0,1,0,8.09,0.46,Apartment,857692.92
Downtown,1001,3,1,1,6,0,1,1,8.55,0.28,Condo,710573.42
Riverside,1175,2,3,1,1,0,1,1,9.86,0.89,Condo,725328.61
Uptown,2216,5,1,1,21,1,1,1,5.73,1.35,Condo,885599.27
Downtown,1707,4,3,3,39,1,0,1,6.23,1.12,Villa,908954.0
Lakeview,2822,5,1,2,22,0,0,0,9.66,0.19,Apartment,1122166.2
Old Town,1927,4,1,2,36,0,1,0,8.15,0.63,Townhouse,765517.49
Downtown,1036,4,2,1,25,2,0,0,5.19,0.06,Apartment,737262.4
Riverside,1403,1,2,1,1,2,1,1,5.39,0.5,Apartment,699613.31
Old Town,588,1,1,3,17,1,1,1,8.93,1.02,Condo,532377.48
Riverside,1971,1,2,3,30,2,0,0,7.84,0.47,Condo,875836.26
Downtown,1996,3,1,3,20,1,1,0,7.83,1.27,Villa,922188.44
Hillview,1867,2,3,3,7,0,0,1,9.4,0.74,Townhouse,980664.55
Hillview,2693,5,1,2,7,2,1,0,6.21,1.02,Townhouse,1075623.97
Downtown,2759,1,2,1,26,2,0,1,5.8,1.33,Apartment,879654.57
Suburban,2006,5,3,3,18,1,0,0,8.07,1.04,Apartment,961869.7
Suburban,926,4,1,3,22,1,1,0,9.41,1.35,Villa,744512.93
Hillview,2440,1,1,2,14,0,0,1,6.33,1.22,Condo,875744.74
Uptown,2405,1,3,1,13,1,0,1,8.41,0.87,Villa,1017728.39
Uptown,2270,2,1,3,26,1,0,0,5.76,0.48,Townhouse,913035.65
Lakeview,2640,2,3,3,0,1,1,0,5.86,0.48,Apartment,1088759.08
Uptown,1459,2,2,1,17,0,0,0,9.51,1.32,Condo,687461.73
Riverside,3205,3,3,1,14,2,0,1,5.59,0.13,Condo,1112475.52
Downtown,1572,1,1,3,31,1,0,0,5.12,1.42,Villa,737109.09
Hillview,2512,1,1,1,29,0,1,1,8.87,0.52,Apartment,879475.03
Lakeview,1172,4,3,3,17,2,0,1,6.81,1.12,Condo,902861.87
Lakeview,1588,5,3,3,10,1,0,1,6.98,0.53,Condo,1008957.72
Suburban,2934,2,3,1,9,1,1,0,9.0,1.43,Townhouse,998766.52
Suburban,1957,5,1,1,8,1,0,1,5.9,0.1,Villa,923486.19
Downtown,2562,2,2,2,10,1,1,1,8.25,0.56,Townhouse,1036568.84
Downtown,2230,2,2,2,30,0,0,0,6.57,1.31,Villa,908289.29
Old Town,2042,1,2,3,1,0,1,1,5.52,0.45,Townhouse,870270.51
Old Town,2850,3,1,2,1,2,0,1,8.44,0.45,Condo,1111873.33
Riverside,1970,3,2,1,21,1,1,0,6.59,1.35,Villa,860581.73
Riverside,1121,4,2,3,8,1,1,1,9.33,1.25,Apartment,844459.74
Uptown,1658,1,1,3,33,0,0,0,9.6,0.2,Townhouse,816762.33
Old Town,2403,1,2,2,30,2,0,0,9.25,0.89,Condo,889400.81
Uptown,2318,3,1,3,30,2,0,1,6.61,0.37,Apartment,1005965.86
Lakeview,1238,1,1,3,18,2,0,0,6.18,0.36,Condo,764018.15
Riverside,1702,1,1,3,17,1,1,1,9.46,0.94,Villa,877834.34
Suburban,1780,4,2,3,17,1,0,0,7.26,0.23,Townhouse,946826.5
Lakeview,1899,5,1,2,7,2,1,0,8.54,0.73,Townhouse,1010989.28
Hillview,1343,3,2,1,22,2,0,1,9.14,0.42,Apartment,842315.25
Riverside,1754,1,2,2,34,1,1,0,6.39,1.29,Apartment,691733.25
Hillview,1699,5,3,3,10,2,1,1,5.6,0.85,Condo,1034806.79
Old Town,2524,3,1,3,2,2,1,0,8.12,0.36,Townhouse,1070444.89
Lakeview,2545,4,2,3,22,2,1,0,7.95,1.39,Townhouse,1154039.24
Suburban,2020,1,1,2,15,0,1,0,6.35,1.24,Villa,792435.76
Lakeview,1884,3,2,2,31,0,1,0,7.92,0.43,Apartment,874996.16
Lakeview,2177,1,2,1,34,0,1,0,8.95,1.44,Villa,857325.64
Suburban,1651,4,3,1,38,2,0,0,6.75,0.44,Townhouse,867555.77
Suburban,1469,2,2,1,15,0,1,0,6.21,0.47,Townhouse,669555.79
Old Town,1583,5,3,3,36,0,1,1,8.63,0.61,Villa,975650.84
Downtown,1751,1,1,3,4,0,1,0,8.93,0.29,Apartment,835845.33
Riverside,1460,4,1,1,14,0,1,1,9.77,1.05,Apartment,706852.92
Old Town,2189,1,1,2,10,2,0,1,5.74,0.86,Condo,779736.52
Lakeview,2501,4,2,2,36,2,0,1,9.45,1.35,Townhouse,1101128.02
Lakeview,1227,3,1,1,24,2,0,1,8.83,0.4,Condo,795188.29
Suburban,2114,5,1,2,14,0,0,1,8.51,0.3,Apartment,934150.34
Lakeview,1979,4,1,2,6,1,0,1,6.57,0.57,Villa,1005268.74
Downtown,2288,2,3,3,31,2,0,1,5.11,0.26,Villa,1053221.5
Uptown,2093,1,3,3,26,1,1,1,7.54,1.42,Villa,964159.13
Uptown,1301,3,1,1,34,2,1,0,6.43,1.09,Villa,738237.55
Lakeview,1406,3,3,2,17,1,1,1,6.45,1.2,Apartment,830920.2
Suburban,2116,1,1,3,5,0,0,0,9.64,1.13,Apartment,835091.05
Lakeview,2666,3,2,3,13,1,0,0,5.76,0.4,Condo,1081292.98
Downtown,882,2,1,3,24,2,1,1,9.67,0.25,Villa,839344.25
Old Town,2290,2,2,3,9,2,0,1,7.52,0.67,Apartment,956874.99
Old Town,2754,1,3,1,2,1,1,1,9.19,1.25,Villa,1017673.36
Riverside,2016,2,3,3,32,1,1,0,6.42,0.53,Condo,945019.18
Downtown,2403,2,2,3,21,2,1,1,8.17,0.06,Villa,1158862.2
Uptown,1713,1,2,3,15,2,0,1,7.78,1.01,Condo,891243.6
Riverside,2034,3,3,3,22,1,1,0,9.62,0.34,Apartment,1016951.68
Hillview,1208,2,1,1,29,0,1,1,5.9,0.84,Apartment,568213.85
Riverside,811,1,2,1,0,2,0,1,6.02,0.07,Townhouse,684564.13
Riverside,2619,3,1,2,17,2,0,1,9.74,0.79,Townhouse,1086128.55
Lakeview,1558,1,3,2,10,0,1,0,5.49,0.62,Condo,793238.79
Downtown,1849,5,2,1,3,0,0,0,8.17,1.33,Villa,834551.73
Uptown,1337,3,2,1,1,0,1,0,5.3,1.1,Apartment,668483.07
Uptown,1325,5,2,3,17,1,0,1,5.38,0.1,Townhouse,893521.78
Riverside,2004,5,1,2,21,0,1,1,7.99,1.19,Villa,947790.39
Suburban,1699,5,1,1,20,2,0,0,7.76,1.2,Apartment,768744.23
Downtown,2308,3,3,2,31,2,0,1,7.87,1.01,Apartment,989447.24
Lakeview,2349,3,1,2,18,0,0,0,7.37,1.4,Townhouse,924105.32
Lakeview,2276,4,1,1,23,2,0,1,8.71,1.21,Townhouse,957540.54
Suburban,2231,1,1,3,32,0,0,0,9.96,0.37,Apartment,860228.93
Downtown,2968,5,3,2,26,2,1,1,6.38,0.6,Townhouse,1199473.17
Downtown,1513,2,1,1,36,1,0,0,6.62,0.56,Condo,694602.14
Downtown,2070,1,3,1,8,0,0,0,6.62,0.78,Condo,816411.74
Uptown,2723,2,2,3,31,1,0,1,8.82,1.43,Villa,1126025.1
Lakeview,2795,2,3,1,27,2,1,1,6.74,0.94,Apartment,1036482.92
Suburban,1318,1,2,1,23,2,1,0,8.38,0.5,Townhouse,749616.95
Uptown,1928,4,1,2,0,0,1,1,7.23,1.42,Townhouse,843310.44
Suburban,2847,1,2,2,21,2,0,0,8.04,1.07,Condo,1029815.98
Riverside,2379,5,2,1,34,0,1,0,9.15,0.44,Townhouse,1024613.97
Hillview,2207,3,1,2,25,1,0,1,7.57,1.36,Townhouse,928675.41
Uptown,1980,4,2,1,0,0,1,0,7.38,0.55,Townhouse,919806.57
Lakeview,1889,2,1,2,11,2,0,1,6.33,0.8,Townhouse,885470.0
Downtown,2259,1,3,1,22,2,1,0,7.58,0.74,Villa,943980.79
Suburban,1961,1,3,2,32,1,1,0,6.31,1.39,Villa,806908.24
Suburban,2077,4,1,3,17,2,0,1,9.22,0.44,Villa,1054034.7
Riverside,2143,4,2,3,34,2,1,1,6.94,0.53,Villa,1069438.34
Lakeview,1727,2,2,1,31,0,0,1,5.65,1.01,Condo,731757.1
Uptown,2393,2,1,1,10,0,1,1,6.2,1.34,Villa,920805.08
Riverside,3703,5,2,1,7,0,1,1,7.67,0.22,Villa,1272246.86
Lakeview,1123,5,1,2,36,1,1,0,9.58,0.35,Condo,788319.29
Old Town,2278,3,1,2,23,1,1,1,6.5,1.42,Apartment,872747.77
Old Town,1682,2,3,3,33,0,0,1,6.32,1.18,Villa,789836.14
Old Town,2418,2,2,3,36,1,0,1,7.03,0.55,Villa,970655.23
Suburban,2126,3,3,3,16,0,1,1,9.84,0.57,Villa,1072273.58
Lakeview,2519,3,2,1,1,2,0,0,9.23,0.73,Villa,1104049.38
Downtown,2747,1,3,1,36,2,0,0,5.75,1.03,Condo,876924.04
Suburban,2206,1,3,3,23,2,0,0,8.07,0.86,Villa,979818.19
Suburban,2723,3,2,3,4,0,1,0,8.96,1.18,Villa,1057320.44
Suburban,811,4,2,1,21,2,0,0,8.84,0.13,Villa,759922.83
Downtown,2975,1,2,1,1,1,0,0,7.44,1.24,Condo,991084.5
Downtown,2306,3,3,3,11,2,0,1,8.66,0.13,Condo,1094334.05
Hillview,2693,1,2,2,13,2,0,1,7.92,1.33,Apartment,1035231.5
Lakeview,1429,2,2,3,18,1,1,1,6.01,0.11,Apartment,877689.47
Downtown,1643,4,1,2,22,0,1,0,5.28,0.24,Apartment,746863.23
Riverside,2180,2,3,3,33,2,1,1,6.85,0.31,Villa,1000835.52
Old Town,2091,2,2,3,14,1,1,0,5.31,0.37,Townhouse,860198.6
Lakeview,2256,5,1,1,29,2,0,0,6.98,0.63,Apartment,921798.56
Hillview,2696,1,2,1,37,2,1,1,9.14,1.0,Townhouse,1046221.77
Uptown,1129,1,2,3,29,0,0,1,9.22,1.34,Villa,769262.44
Hillview,2636,5,1,1,10,2,0,1,5.17,0.81,Condo,975309.3
Riverside,2105,3,3,1,27,0,0,0,5.35,0.82,Townhouse,811396.21
Suburban,1988,1,3,3,11,0,0,0,8.35,0.51,Villa,904856.31
Lakeview,1291,3,3,1,19,0,1,1,7.5,1.21,Townhouse,786038.5
Uptown,2377,3,2,1,25,2,0,0,5.75,0.21,Apartment,891018.4
Downtown,772,2,1,1,11,0,1,1,9.03,0.49,Villa,637946.91
Uptown,2457,3,1,2,0,2,0,0,6.08,0.19,Villa,1047647.3
Downtown,1279,4,3,2,33,0,0,0,5.39,0.36,Apartment,778775.84
Uptown,2129,2,1,3,29,1,0,1,8.75,0.9,Villa,1037364.69
Uptown,2034,5,3,3,4,0,0,1,8.04,0.23,Townhouse,1065923.36
Downtown,2743,3,3,2,15,1,0,0,6.97,0.2,Townhouse,1070224.84
Old Town,2002,5,1,3,10,1,1,0,8.46,1.25,Condo,944448.31
Downtown,1718,1,3,1,39,2,1,0,9.56,0.22,Villa,921059.73
Old Town,1821,2,1,2,37,2,1,1,5.17,0.93,Townhouse,698477.91
Lakeview,2800,4,2,1,27,2,0,1,8.14,0.56,Townhouse,1115183.42
Downtown,2395,5,2,1,17,1,1,0,6.09,1.35,Condo,909321.43
Riverside,1888,2,3,3,2,0,1,0,7.37,1.08,Condo,843539.47
Lakeview,1970,5,2,1,9,0,0,1,7.12,0.14,Townhouse,918170.81
Riverside,1238,1,3,2,3,2,1,0,6.95,1.35,Villa,770045.64
Downtown,2314,3,2,2,31,1,1,1,5.95,0.65,Townhouse,949790.38
Old Town,1132,2,3,1,3,2,1,1,9.01,0.48,Townhouse,805362.57
Old Town,2513,3,3,3,27,1,0,1,6.9,1.03,Condo,1009598.7
Hillview,2171,5,3,1,38,1,0,0,9.44,1.09,Apartment,991068.49
Riverside,3413,4,2,1,12,2,0,1,6.77,0.49,Condo,1154408.11
Lakeview,1495,4,2,2,27,2,0,1,9.2,0.56,Condo,911676.35
Old Town,2044,2,3,1,35,0,0,0,7.72,0.28,Apartment,772526.25
Riverside,3089,5,3,3,17,1,0,1,6.93,0.91,Villa,1267207.93
Lakeview,2755,3,3,1,17,0,0,1,8.52,1.44,Apartment,1040114.05
Lakeview,1717,4,2,1,8,2,1,0,8.93,0.65,Townhouse,941363.13
Old Town,2223,4,3,1,17,0,0,0,7.41,1.49,Apartment,805112.12
Downtown,2101,4,3,1,34,2,0,1,7.13,0.31,Villa,1008971.45
Hillview,2255,4,3,1,26,2,0,1,7.89,1.2,Apartment,994449.52
Old Town,1716,3,1,2,8,0,0,1,7.93,1.4,Apartment,769697.98
Suburban,2051,4,2,1,21,1,1,1,7.13,1.05,Villa,881610.93
Hillview,1221,5,3,1,28,0,1,1,8.79,0.21,Villa,870885.07
Uptown,2174,2,3,1,3,1,1,1,7.0,0.52,Townhouse,969824.0
Downtown,2348,3,3,1,30,1,1,1,7.26,0.17,Apartment,949854.16
Uptown,1975,1,1,2,8,1,0,1,8.03,0.92,Villa,879457.9
Downtown,1212,2,1,3,11,2,1,0,9.93,1.5,Condo,831913.5
Uptown,2644,4,3,1,16,1,1,0,6.3,0.59,Condo,983844.86
Riverside,2300,4,3,3,20,1,0,0,6.16,0.29,Villa,1120005.08
Downtown,1701,2,1,3,36,0,1,1,5.88,0.44,Apartment,760664.11
Lakeview,1946,3,2,1,8,2,1,1,8.45,0.88,Condo,964148.21
Suburban,1275,5,3,2,10,0,1,0,7.25,0.87,Townhouse,807980.01
Hillview,1536,1,1,2,15,1,0,0,6.94,0.38,Villa,800864.06
Suburban,1804,1,3,2,34,0,0,0,6.02,1.14,Townhouse,720150.34
Lakeview,2776,2,1,1,38,0,0,0,9.46,0.18,Apartment,974494.42
Uptown,1748,4,1,2,18,1,0,1,7.22,0.95,Villa,889756.9
Uptown,2452,2,3,1,27,2,1,0,8.04,0.67,Villa,1011636.34
Old Town,1804,5,2,3,36,0,0,0,5.56,0.23,Townhouse,903853.55
Old Town,2236,5,2,2,33,1,1,0,5.54,0.97,Apartment,876614.57
Hillview,2022,3,3,1,27,2,0,1,5.34,1.03,Villa,907267.61
Uptown,2580,2,1,2,21,1,0,1,6.84,0.69,Condo,910142.84
Uptown,1806,1,2,3,39,0,1,1,7.36,1.21,Apartment,852719.45
Downtown,1235,5,2,3,9,0,0,1,6.22,0.79,Apartment,802501.87
Hillview,1340,5,3,1,14,2,0,1,6.75,0.46,Condo,923545.96
Downtown,1807,3,1,3,28,0,0,1,5.03,1.43,Condo,780031.36
Riverside,1413,3,2,1,0,0,0,1,6.76,1.42,Villa,740312.13
Uptown,2326,4,2,1,20,0,1,0,5.6,0.19,Apartment,895326.1
Suburban,1844,4,2,1,34,2,1,0,5.64,1.42,Townhouse,835518.77
Uptown,3406,1,3,3,7,1,1,0,5.02,1.17,Villa,1128474.54
Old Town,1144,4,2,3,32,2,1,1,8.48,0.2,Townhouse,869478.54
Suburban,2212,5,3,2,16,1,0,1,9.66,0.8,Apartment,1027529.91
Riverside,1480,4,3,3,34,0,1,1,8.11,0.1,Condo,899472.67
Old Town,1829,3,3,1,25,0,0,0,5.48,0.9,Townhouse,735552.8
Uptown,2178,3,3,1,6,0,0,1,9.95,1.4,Townhouse,952183.65
Hillview,821,2,2,3,29,0,1,1,9.88,0.58,Townhouse,782083.27
Lakeview,2230,4,1,3,2,1,0,1,7.34,0.79,Apartment,1025610.56
Lakeview,3147,2,3,1,9,0,1,1,5.54,0.38,Condo,1036421.05
Uptown,1851,2,2,1,35,0,1,1,8.6,0.83,Villa,853514.15
Hillview,2243,2,1,2,35,1,0,0,9.81,1.21,Villa,965441.36
Riverside,2664,2,1,1,1,1,0,0,8.89,0.36,Condo,935168.36
Riverside,2010,2,1,3,15,2,1,0,8.12,0.85,Apartment,953897.4
Downtown,1780,1,3,3,3,1,1,0,8.05,0.56,Apartment,948789.29
Riverside,848,4,1,1,10,1,1,1,9.89,1.13,Condo,703338.81
Lakeview,2453,3,3,1,38,1,1,0,5.37,1.07,Villa,982335.52
Riverside,2038,5,2,3,7,0,0,0,5.75,1.06,Townhouse,934792.42
Downtown,1543,1,1,2,25,1,0,0,9.15,0.6,Townhouse,797274.3
Hillview,2170,4,2,1,32,1,1,1,5.73,0.92,Condo,925268.87
Lakeview,1779,1,3,1,35,0,0,0,6.92,0.99,Townhouse,777220.6
Lakeview,1809,3,3,3,14,2,1,1,6.41,1.04,Villa,1025162.92
Suburban,2433,3,2,3,27,1,1,1,6.22,0.88,Townhouse,987747.96
Old Town,1364,3,2,1,19,2,1,0,5.13,1.31,Townhouse,681261.75
Old Town,2676,4,1,3,4,0,0,1,7.83,0.41,Villa,1104023.62
Suburban,1331,5,1,1,8,2,1,1,7.01,0.13,Apartment,784043.07
Suburban,1736,2,2,1,29,1,0,1,7.76,1.45,Villa,751709.79
Suburban,3158,5,2,2,27,2,1,0,6.52,0.14,Condo,1189445.17
Lakeview,2720,1,1,2,20,1,0,1,9.71,1.36,Apartment,964592.01
Uptown,2154,2,3,3,31,1,1,0,7.96,0.94,Apartment,944586.71
Uptown,1583,2,2,3,27,0,0,0,9.81,1.38,Condo,792361.8
Uptown,1809,5,1,1,13,2,0,1,6.75,0.87,Condo,843631.23
Lakeview,2140,1,3,2,11,0,0,0,5.01,1.24,Apartment,856783.62
Downtown,2121,2,1,3,37,0,1,1,8.91,1.1,Apartment,916600.82
Lakeview,2050,3,3,2,38,1,0,1,9.14,0.81,Townhouse,998948.86
Downtown,2083,5,1,1,1,2,0,1,5.29,0.58,Condo,915747.86
Old Town,1982,3,2,1,31,2,0,0,8.13,0.05,Townhouse,862897.39
Hillview,1307,5,2,2,5,2,0,1,8.31,0.41,Condo,896260.58
Riverside,1816,4,3,2,34,1,0,1,5.73,1.43,Townhouse,906932.68
Suburban,2603,4,1,2,23,2,0,1,7.76,0.45,Condo,1051508.5
Suburban,1347,4,3,1,27,1,1,0,6.22,1.14,Townhouse,734720.49
Uptown,1996,1,2,1,28,1,1,0,5.08,0.79,Villa,771282.75
Riverside,1649,3,1,2,24,0,1,0,9.33,0.5,Townhouse,810996.64
Riverside,2161,3,2,3,10,2,1,0,7.46,1.49,Villa,997269.36
Lakeview,1886,2,3,2,32,0,0,0,8.91,0.12,Townhouse,930919.56
Suburban,2913,1,2,2,22,0,1,0,8.61,0.89,Condo,971288.08
Lakeview,2379,1,1,3,21,1,0,1,9.97,0.72,Condo,1006091.86
Lakeview,1379,4,2,3,12,1,1,0,7.19,0.16,Townhouse,895859.68
Hillview,2469,4,2,3,0,0,0,1,7.14,0.36,Apartment,1132121.47
Suburban,1674,2,1,2,22,1,0,0,6.41,1.06,Townhouse,724658.17
Suburban,1783,4,1,3,13,0,0,1,8.13,0.21,Villa,949954.8
Suburban,2273,4,3,2,26,1,1,1,7.43,1.21,Apartment,946579.77
Hillview,1830,5,1,2,14,2,0,0,8.64,0.96,Condo,903949.72
Suburban,2591,5,2,2,38,2,1,0,6.78,0.2,Villa,1083297.49
Old Town,1674,5,3,3,27,0,0,1,5.65,0.47,Condo,863039.45
Downtown,1760,1,1,3,18,1,0,1,9.31,0.25,Villa,948138.36
Old Town,1739,4,2,1,28,1,1,0,9.14,1.21,Townhouse,828471.94
Downtown,1789,2,1,3,25,0,1,1,6.76,0.82,Townhouse,851545.74
Hillview,2705,3,3,1,24,0,1,0,8.45,0.05,Condo,1064806.81
Downtown,2446,4,2,2,23,0,1,1,7.46,0.84,Apartment,1022371.65
Suburban,3040,4,3,3,37,2,1,1,8.8,0.75,Townhouse,1238546.29
Suburban,3347,3,3,2,12,1,0,0,6.95,0.98,Villa,1193340.4
Uptown,1533,5,2,1,17,0,1,0,7.68,0.1,Villa,890486.51
Downtown,2139,1,1,2,10,2,1,1,5.29,0.1,Condo,829319.12
Old Town,1453,1,2,2,22,0,0,1,5.87,0.56,Apartment,643276.99
Hillview,1672,1,1,2,39,2,0,1,8.91,1.05,Townhouse,797667.21
Old Town,1753,5,2,1,24,1,1,1,6.91,1.02,Villa,856925.83
Hillview,1519,3,1,2,8,0,0,0,5.18,0.45,Condo,717644.75
Uptown,1521,3,3,1,36,1,1,1,5.84,0.36,Apartment,793122.02
Riverside,2021,4,2,2,31,2,0,0,7.06,1.04,Apartment,910705.7
Uptown,1431,3,1,3,17,1,0,1,8.59,0.09,Apartment,901469.25
Riverside,2563,3,3,3,5,2,0,0,6.82,0.86,Villa,1166821.54
Lakeview,1595,1,3,2,16,2,0,0,8.73,0.66,Apartment,833199.4
Old Town,3645,1,2,3,32,0,0,1,9.29,0.4,Townhouse,1147525.0
Uptown,1852,5,1,1,23,2,0,1,6.71,0.8,Apartment,931155.38
Lakeview,2140,3,2,3,7,1,1,1,9.0,0.36,Villa,1151638.09
Uptown,1388,1,2,2,6,2,1,0,5.63,0.87,Townhouse,769051.2
Uptown,3038,2,3,3,38,1,0,0,7.08,0.27,Townhouse,1142840.94
Old Town,2716,2,1,3,17,1,0,1,5.49,0.64,Apartment,938258.5
Downtown,2263,2,3,2,27,1,1,1,5.26,0.79,Apartment,857196.34
Old Town,1359,2,1,2,14,2,1,1,5.32,0.1,Villa,743911.77
Suburban,2216,4,1,3,3,0,1,0,5.52,0.94,Townhouse,906283.81
Lakeview,1483,1,2,1,16,2,1,1,9.18,1.14,Condo,783843.5
Suburban,2904,2,1,1,27,0,0,0,7.72,1.44,Apartment,829491.6
Suburban,2545,3,2,2,13,2,0,1,9.74,0.34,Apartment,1125668.29
Suburban,2152,3,2,2,24,0,0,1,7.69,0.35,Townhouse,899068.67
Hillview,760,5,1,3,17,0,1,0,8.14,0.49,Condo,765553.0
Old Town,1559,5,3,1,13,0,1,1,5.92,1.34,Condo,758883.41
Lakeview,2478,2,1,2,10,1,1,1,7.7,0.64,Townhouse,1025176.49
Riverside,2767,3,3,1,10,0,1,1,6.93,0.49,Apartment,985127.93
Suburban,2710,1,3,1,10,1,1,1,9.66,1.12,Townhouse,1033374.53
Downtown,1224,4,2,3,28,2,1,0,9.67,0.11,Villa,975809.05
Downtown,2266,1,1,3,13,0,0,1,5.99,0.85,Villa,876900.89
Riverside,2659,1,3,3,29,1,0,0,8.1,0.7,Villa,1064132.4
Lakeview,1188,4,1,1,12,2,0,1,8.19,0.96,Townhouse,789536.29
Old Town,2096,1,1,2,13,1,1,0,7.81,1.11,Townhouse,798025.86
Lakeview,2251,3,3,3,36,2,0,1,5.62,0.52,Apartment,1044312.42
Downtown,1935,1,2,1,35,1,1,0,8.27,0.97,Apartment,780768.13
Downtown,1081,4,3,3,16,0,0,0,9.0,0.81,Apartment,834896.33
Uptown,1921,4,1,3,10,1,1,0,6.73,0.24,Villa,1006252.88
Downtown,1920,3,2,2,28,1,1,0,7.57,1.33,Townhouse,869340.94
Downtown,2019,5,3,2,2,0,0,1,5.58,1.14,Condo,876239.82
Riverside,1790,3,3,1,18,2,1,1,9.65,1.39,Villa,960447.32
Lakeview,1856,1,2,3,23,0,1,1,5.55,1.09,Townhouse,860088.85
Hillview,2078,1,3,3,27,0,0,1,6.04,0.4,Condo,888820.97
Downtown,2343,2,1,3,4,0,0,0,6.49,0.67,Townhouse,934954.56
Uptown,1933,2,2,3,0,2,1,1,9.13,0.61,Townhouse,1058338.46
Uptown,1875,2,1,2,11,1,1,0,8.5,0.1,Villa,958581.18
Uptown,2151,2,3,3,4,2,0,1,5.04,0.65,Apartment,1001937.54
Lakeview,1043,3,3,1,20,1,1,0,5.92,0.55,Condo,721180.05
Suburban,2362,1,3,3,36,0,0,0,8.75,0.06,Townhouse,994229.31
Lakeview,2100,4,3,1,11,1,1,0,7.02,1.28,Apartment,918336.5
Riverside,2122,2,1,2,18,0,1,1,5.13,0.26,Villa,867860.08
Uptown,2628,4,2,1,8,1,0,1,9.82,0.78,Apartment,1041112.17
Hillview,1026,3,3,1,1,0,0,1,5.76,1.19,Condo,701837.42
Uptown,1014,5,1,2,28,2,1,0,7.55,0.93,Townhouse,737477.22
Hillview,2251,3,2,2,10,1,0,0,6.24,0.3,Condo,974398.43
Hillview,2096,2,3,1,21,0,0,1,8.69,0.95,Villa,933322.72
Hillview,2194,3,2,3,27,2,0,1,8.88,1.15,Apartment,1054254.68
Uptown,1846,4,3,1,33,1,0,0,6.99,1.29,Townhouse,827366.39
Uptown,2465,3,2,3,7,0,0,1,8.29,0.51,Townhouse,1077949.59
Downtown,2613,3,2,1,23,1,1,0,9.55,0.1,Apartment,1015255.75
Uptown,2366,3,2,2,36,0,1,1,9.07,0.93,Townhouse,995727.09
Old Town,1957,2,2,1,19,2,1,1,7.07,0.38,Apartment,791470.95
Riverside,941,2,3,3,1,1,0,1,7.21,1.18,Townhouse,785085.38
Old Town,2523,5,3,3,10,2,0,0,9.43,1.04,Townhouse,1105992.65
Lakeview,2772,4,1,1,31,2,1,1,5.17,1.17,Apartment,956663.95
Lakeview,2455,1,3,1,31,2,1,0,5.11,1.45,Villa,886831.75
Uptown,1616,5,2,2,12,1,1,0,6.03,0.9,Apartment,875785.48
Old Town,2471,4,2,3,7,0,0,1,9.14,1.36,Townhouse,1042783.27
Uptown,2573,1,1,1,11,1,0,0,5.77,0.98,Apartment,836540.97
Riverside,2957,4,2,1,9,1,1,0,6.43,0.31,Townhouse,1094489.73
Hillview,1618,3,2,2,29,0,0,1,8.15,1.21,Villa,850141.46
Hillview,1975,5,2,1,33,2,1,0,5.92,1.06,Apartment,891139.64
Suburban,2511,3,1,1,1,2,1,0,6.52,1.47,Condo,881030.56
Suburban,2132,3,3,1,29,1,1,0,7.33,0.4,Townhouse,888404.14
Downtown,1485,2,2,2,30,2,0,1,6.14,0.53,Villa,862565.65
Downtown,2328,2,2,3,24,2,1,0,9.96,1.24,Condo,1080886.98
Old Town,2418,4,1,2,34,0,1,0,5.82,0.14,Townhouse,874453.33
Old Town,2148,5,1,1,1,1,1,1,9.25,0.97,Condo,939482.99
Suburban,2221,5,3,2,27,2,1,0,7.35,0.83,Apartment,1003157.92
Riverside,1958,4,1,2,5,1,0,0,5.65,0.29,Apartment,856117.81
Hillview,2913,4,3,1,35,2,1,1,5.59,0.29,Apartment,1097719.44
Suburban,1605,3,3,1,19,1,1,1,7.5,1.22,Townhouse,788973.05
Riverside,1777,2,2,1,3,0,1,0,6.77,0.07,Condo,681235.49
Riverside,2106,4,3,3,29,1,0,1,6.17,1.13,Condo,998850.23
Old Town,2583,2,2,3,29,1,1,0,9.79,1.11,Condo,982171.69
Riverside,1276,2,3,1,18,2,0,0,7.32,0.99,Townhouse,725841.07
Uptown,1379,5,1,1,12,0,1,1,9.64,0.64,Townhouse,825512.68
Riverside,979,3,2,2,0,0,1,0,5.82,0.09,Villa,713424.92
Old Town,2118,2,2,1,36,0,0,0,5.92,1.21,Apartment,690046.0
Riverside,1485,5,3,3,7,1,0,0,7.98,0.23,Apartment,946192.19
Suburban,1888,5,1,3,33,2,0,1,6.35,0.46,Apartment,896926.6
Hillview,2464,2,3,1,23,1,0,0,5.92,1.42,Townhouse,905252.55
Suburban,1747,3,1,1,27,2,0,1,5.47,0.49,Townhouse,754033.83
Riverside,2227,3,1,1,27,2,1,0,5.38,0.42,Condo,854455.96
Uptown,1935,4,2,2,34,1,1,1,8.77,1.46,Apartment,877990.43
Lakeview,2470,5,1,3,1,1,0,1,6.41,0.17,Condo,1089665.27
Hillview,2361,3,2,2,39,0,1,1,9.89,0.28,Townhouse,1050912.44
Lakeview,1719,4,3,1,1,2,0,0,5.92,0.69,Condo,879026.43
Uptown,2007,3,3,1,39,2,1,1,6.77,1.19,Townhouse,877674.94
Old Town,2674,5,1,1,10,2,0,0,6.87,1.33,Villa,971762.73
Uptown,2316,3,2,1,33,2,0,1,7.5,1.15,Townhouse,933755.53
Riverside,1332,2,2,2,3,1,0,1,9.35,1.47,Townhouse,785930.53
Old Town,2461,3,1,2,18,0,0,0,9.17,0.07,Apartment,914731.04
Old Town,1503,5,2,1,21,2,1,1,5.05,0.95,Apartment,722625.87
Lakeview,2877,4,2,1,38,1,1,0,7.05,0.22,Townhouse,1088788.97
Uptown,2663,1,3,3,4,2,1,0,9.14,1.37,Apartment,1133695.49
Old Town,2259,1,1,3,1,2,1,0,5.0,1.41,Apartment,782259.28
Hillview,2186,3,1,2,25,0,1,0,7.67,0.49,Apartment,850441.48
Suburban,1985,5,3,2,1,1,0,1,6.3,1.25,Townhouse,976171.42
Uptown,2473,3,3,2,31,1,0,1,7.06,0.96,Condo,1038984.91
Old Town,1896,3,1,2,1,1,1,0,7.1,0.2,Villa,832850.53
Old Town,2230,4,1,1,38,0,1,0,6.96,0.92,Apartment,785585.91
Uptown,2580,3,2,2,21,0,1,0,9.46,1.47,Townhouse,1049547.0
Hillview,1791,5,3,3,37,1,0,1,7.68,0.5,Villa,1037019.69
Downtown,1761,4,1,2,5,0,0,1,9.52,0.05,Townhouse,969871.7
Riverside,1443,4,1,3,10,0,1,1,8.63,1.47,Villa,862090.14
Suburban,1515,4,3,2,18,0,0,0,6.76,0.65,Townhouse,814165.93
Uptown,1094,4,3,1,1,2,1,1,7.47,0.67,Villa,854339.17
Downtown,2501,1,3,2,4,0,1,0,6.95,1.08,Condo,957205.71
Suburban,3095,3,3,3,13,1,0,0,9.14,0.93,Townhouse,1203961.3
Hillview,2884,1,3,2,29,0,1,1,5.94,0.49,Villa,1104637.73
Hillview,1206,3,1,2,28,1,1,0,9.68,0.19,Apartment,825495.18
Old Town,2499,1,1,1,3,0,0,0,7.9,1.25,Townhouse,796991.25
Lakeview,2882,3,1,3,2,0,1,0,8.06,0.75,Villa,1230269.47
Lakeview,1849,2,1,2,26,1,0,1,7.58,1.03,Apartment,857789.82
Downtown,2156,1,3,1,14,2,0,1,7.77,1.3,Villa,943192.9
Lakeview,996,1,2,2,31,0,0,0,8.34,0.08,Villa,706751.14
Hillview,2247,3,1,1,11,1,1,1,8.28,1.3,Condo,864609.18
Hillview,1515,1,1,3,14,2,1,0,6.07,1.14,Townhouse,764574.3
Downtown,2210,5,1,3,8,1,1,1,7.91,1.42,Townhouse,1010258.36
Hillview,1241,4,2,1,10,2,1,0,6.77,0.39,Townhouse,848612.57
Uptown,2399,4,2,3,28,0,0,1,8.19,0.52,Condo,1056397.22
Hillview,2663,1,1,1,18,2,1,0,7.74,1.01,Apartment,904805.67
Downtown,1669,4,3,2,26,0,0,1,5.9,1.39,Villa,853223.27
Old Town,1475,4,1,2,3,1,1,0,8.67,1.49,Townhouse,777256.34
Lakeview,914,2,2,1,21,1,1,1,7.29,0.65,Apartment,686121.27
Uptown,1953,1,2,3,18,0,1,1,7.76,0.83,Villa,913970.06
Downtown,1780,3,2,3,36,2,1,0,8.36,0.3,Villa,1004142.16
Lakeview,1247,4,3,2,16,2,1,0,8.26,1.06,Condo,890562.14
Lakeview,2349,1,3,1,4,0,1,0,8.74,1.26,Condo,894198.3
Suburban,1853,1,1,3,27,0,0,0,6.03,1.21,Apartment,740040.15
Uptown,1508,2,2,2,5,2,1,1,5.55,0.55,Apartment,810050.72
Riverside,1795,3,1,3,36,1,1,0,8.35,1.45,Condo,804081.25
Hillview,2689,3,2,2,15,0,1,1,6.18,0.22,Apartment,1045142.0
Old Town,2432,3,2,1,31,2,1,0,5.57,0.77,Villa,906522.39
Uptown,2028,2,2,1,26,2,0,0,5.66,0.85,Condo,815250.71
Lakeview,2441,1,1,1,18,1,0,0,6.56,0.83,Condo,812163.0
Uptown,1461,1,1,1,23,0,0,1,9.96,1.15,Condo,705890.41
Lakeview,2118,1,1,1,7,0,0,0,5.79,0.93,Apartment,796750.71
Lakeview,2181,4,1,1,2,1,0,0,6.49,0.16,Apartment,879009.16
Downtown,1842,4,2,3,30,0,1,0,9.6,0.31,Apartment,962015.22
Suburban,2340,3,3,3,38,1,1,0,9.82,0.82,Condo,1008567.26
Uptown,1671,1,1,1,34,0,1,0,6.14,1.06,Apartment,689620.15
Hillview,2380,3,1,1,12,0,1,1,9.4,0.8,Villa,1018990.81
Downtown,2404,5,2,3,14,0,1,1,5.69,0.57,Condo,1043972.68
Downtown,496,2,3,2,14,1,1,0,8.81,0.12,Villa,706183.31
Old Town,2755,3,1,2,28,1,1,1,5.07,1.19,Condo,874448.6
Hillview,424,3,1,3,24,1,0,1,7.03,0.77,Villa,706976.86
Suburban,1761,2,2,2,31,2,1,1,6.24,0.83,Villa,815317.7
Suburban,2664,3,2,3,37,1,1,1,8.52,0.73,Condo,1019042.15
Downtown,1925,3,3,2,15,0,1,0,5.08,0.43,Townhouse,874120.78
Old Town,1294,3,1,2,26,2,1,1,7.32,0.45,Apartment,737455.42
Downtown,1498,4,1,1,20,2,0,1,8.48,0.14,Townhouse,858140.79
Hillview,2665,3,2,2,38,1,0,0,5.23,1.08,Condo,932511.87
Old Town,1043,1,2,3,14,0,0,0,9.49,0.44,Condo,719143.66
Old Town,2721,1,3,2,7,2,0,1,6.81,0.48,Apartment,981834.63
Hillview,2070,3,2,1,15,2,0,1,5.83,1.49,Apartment,867266.11
Old Town,1444,5,2,2,24,1,1,0,6.13,0.61,Townhouse,800673.02
Uptown,1779,1,1,3,38,0,0,1,6.69,0.79,Townhouse,802836.23
Uptown,1541,1,1,3,33,0,1,1,5.99,0.61,Townhouse,784729.95
Lakeview,2576,4,3,2,0,0,1,1,7.55,0.47,Villa,1150496.69
Uptown,2503,3,1,3,20,0,1,0,8.16,0.06,Condo,1007813.06
Old Town,1154,2,2,1,6,0,0,0,7.17,1.29,Townhouse,551110.16
Old Town,1878,2,3,2,14,1,0,1,7.14,0.74,Condo,793964.95
Suburban,1625,4,3,2,37,0,1,1,8.91,1.09,Villa,884300.65
Hillview,2811,3,1,1,39,0,1,1,6.51,1.44,Condo,899091.93
Downtown,1357,4,1,3,6,2,1,0,8.11,0.05,Apartment,872107.92
Lakeview,2982,2,3,3,5,2,0,0,9.46,1.03,Townhouse,1214982.51
Uptown,2082,3,3,1,27,0,0,0,6.11,0.22,Townhouse,905846.35
Downtown,1461,5,1,1,16,2,0,0,8.1,0.71,Villa,875275.99
Uptown,1727,2,2,3,17,2,1,1,9.74,1.28,Apartment,913519.83
Downtown,1659,2,1,3,34,1,1,0,7.65,0.15,Condo,822761.3
Uptown,1399,1,3,3,36,1,0,0,9.88,1.48,Apartment,816170.07
Downtown,2152,4,3,1,36,1,0,1,6.55,0.89,Villa,928898.72
Old Town,1425,1,1,3,31,0,1,1,7.82,0.62,Apartment,674682.62
Hillview,901,2,2,3,39,1,1,1,6.56,0.08,Villa,782923.86
Uptown,1891,4,2,3,28,2,1,1,5.02,0.9,Condo,968446.52
Riverside,1108,1,1,3,35,1,0,1,9.99,0.77,Townhouse,769975.03
Lakeview,1686,5,1,3,21,1,1,1,6.2,0.36,Apartment,918493.83
Uptown,1600,3,3,2,2,0,0,1,9.87,0.76,Villa,973113.78
Suburban,1621,2,2,1,32,2,1,0,8.27,0.07,Apartment,771819.71
Hillview,3201,3,1,1,37,0,0,0,9.52,1.5,Townhouse,994974.11
Uptown,2131,4,1,3,12,2,0,1,9.84,0.53,Apartment,1057353.14
Riverside,2235,3,2,3,17,0,1,1,7.84,0.75,Villa,988094.15
Uptown,1123,5,3,1,22,0,1,0,10.0,1.19,Apartment,807216.38
Lakeview,1740,5,2,2,26,0,0,0,8.84,1.08,Apartment,929411.8
Uptown,2218,2,3,1,26,1,1,0,7.62,1.34,Apartment,856575.67
Uptown,1537,4,2,1,15,2,0,1,8.27,1.41,Condo,814433.02
Hillview,2599,2,3,2,34,1,0,0,5.97,0.32,Condo,1013984.86
Suburban,1439,5,3,2,32,0,0,0,5.06,0.62,Condo,781423.72
Uptown,1942,2,1,2,37,0,1,0,6.28,1.05,Townhouse,741899.71
Riverside,1778,2,1,2,23,0,0,1,7.17,0.12,Villa,821338.88
Old Town,2190,4,3,2,3,1,1,0,6.14,1.09,Apartment,915326.54
Riverside,1748,4,3,3,33,2,1,0,7.57,0.06,Condo,962770.59
Riverside,1951,1,1,1,3,2,0,1,8.29,1.38,Condo,795829.54
Suburban,1970,3,2,1,7,2,0,0,8.28,1.09,Villa,876701.37
Lakeview,1696,2,3,2,11,0,0,0,9.47,0.87,Apartment,862173.48
Suburban,2367,4,3,2,7,1,0,0,9.83,0.67,Villa,1088926.43
Downtown,2231,3,1,3,28,0,1,0,9.45,1.48,Villa,935553.44
Lakeview,2051,5,3,3,17,1,1,1,8.1,1.12,Condo,1034568.67
Old Town,1863,5,2,2,8,1,0,0,6.03,1.22,Apartment,850496.81
Old Town,2538,4,3,1,0,2,0,1,9.72,1.25,Townhouse,1042731.92
Uptown,1970,4,1,1,8,1,1,1,5.87,0.08,Condo,926571.6
Riverside,1931,5,2,2,27,0,1,0,5.76,0.13,Condo,922475.95
Downtown,2158,1,1,2,31,1,0,1,6.59,0.34,Apartment,812778.03
Uptown,3033,4,2,2,11,1,0,0,7.87,1.0,Villa,1220616.32
Suburban,1363,4,1,1,2,1,1,1,8.41,0.95,Villa,818579.36
Old Town,2523,1,2,3,22,0,1,0,5.07,0.52,Villa,904207.15
Lakeview,1059,5,3,2,31,1,1,0,8.89,1.46,Apartment,754274.01
Lakeview,2220,4,2,2,2,1,0,1,5.88,0.19,Apartment,1020403.88
Riverside,2966,2,1,1,31,2,0,1,6.48,1.18,Apartment,926862.4
Uptown,2369,3,2,3,6,2,0,1,6.61,0.75,Condo,1065204.04
Hillview,2194,3,2,2,10,0,1,0,6.66,0.66,Villa,962999.1
Old Town,1792,5,3,1,24,2,0,1,8.8,0.09,Apartment,898563.58
Downtown,2117,5,1,1,2,0,1,0,5.2,1.11,Condo,810584.33
Riverside,1961,5,1,2,12,2,1,1,5.98,1.17,Villa,968045.93
Hillview,1668,4,2,1,5,1,0,1,5.11,0.51,Villa,860180.62
Lakeview,1941,1,3,3,8,2,0,0,8.89,0.8,Apartment,983569.55
Downtown,2209,5,2,3,30,2,0,0,9.92,0.93,Villa,1088835.32
Uptown,1678,1,1,3,9,1,1,0,8.3,0.58,Townhouse,867320.01
Uptown,1657,1,1,2,1,1,1,0,7.95,0.94,Townhouse,773661.7
Lakeview,1352,1,3,2,8,2,1,1,9.54,0.68,Villa,964323.15
Riverside,2315,5,3,2,3,1,1,0,6.27,1.32,Townhouse,993347.48
Downtown,2400,3,1,2,24,1,0,1,5.33,1.09,Condo,873807.4
Suburban,2227,2,1,2,38,1,0,1,7.55,0.21,Condo,910959.59
Uptown,2631,1,1,2,6,1,0,0,6.3,1.21,Townhouse,908315.64
Lakeview,2148,3,2,3,29,0,1,0,7.26,0.54,Apartment,946425.63
Hillview,2316,4,3,1,14,0,0,1,7.28,1.41,Apartment,945920.55
Downtown,2267,5,1,1,2,2,0,0,6.59,0.92,Apartment,877028.45
Downtown,2050,3,3,3,27,1,1,0,7.43,0.09,Apartment,1024870.23
Old Town,1808,4,1,3,8,1,0,1,6.9,1.11,Townhouse,898288.5
Hillview,3318,5,3,3,20,0,1,0,5.57,0.24,Apartment,1244151.29
Downtown,1851,5,1,2,20,2,1,0,9.33,1.32,Apartment,838552.56
Hillview,1734,2,3,2,23,1,1,0,8.51,1.43,Townhouse,874034.71
Old Town,2339,5,2,1,5,0,1,1,5.21,1.06,Villa,883998.34
Downtown,2239,3,1,1,10,0,0,1,5.58,0.82,Condo,836922.67
Downtown,1327,5,1,3,29,1,1,1,5.48,0.92,Apartment,822174.03
Old Town,2717,1,3,2,37,1,1,1,5.31,0.67,Villa,976760.25
Uptown,2048,1,2,2,0,0,1,1,5.3,0.17,Apartment,818762.22
Uptown,1489,5,2,1,16,0,0,1,5.79,1.4,Townhouse,796977.36
Old Town,2754,4,3,2,35,0,0,0,9.24,0.53,Apartment,1018763.47
Riverside,2444,1,2,3,11,0,0,1,9.14,0.5,Apartment,1027654.28
Lakeview,1405,5,2,2,17,2,1,0,8.92,0.33,Townhouse,971334.68
Old Town,3077,1,2,2,36,1,0,1,8.07,1.49,Condo,977130.2
Riverside,2462,4,1,3,38,1,1,1,8.62,1.42,Townhouse,1004652.39
Old Town,2094,2,1,1,26,0,0,0,8.69,0.56,Condo,783293.89
Downtown,2975,1,1,1,27,1,1,1,9.45,0.43,Condo,1016110.85
Riverside,2188,5,2,2,24,2,1,1,8.66,1.22,Condo,1048512.29
Old Town,2085,5,2,2,11,2,0,1,8.68,0.66,Condo,997738.53
Lakeview,1737,1,3,3,35,1,1,0,9.02,1.45,Apartment,881884.03
Uptown,2420,1,3,1,1,0,0,1,7.78,1.36,Apartment,904478.25
Uptown,2362,4,1,1,2,1,0,1,6.07,1.15,Villa,985223.51
Old Town,2108,1,3,2,24,0,0,0,5.42,0.18,Townhouse,832258.36
Downtown,1666,4,3,2,33,0,0,0,7.1,1.07,Condo,820935.6
Riverside,2171,5,2,3,32,2,1,1,5.46,1.48,Apartment,919949.54
Lakeview,2062,4,2,2,27,2,1,0,5.85,0.59,Apartment,968419.65
Downtown,1367,2,1,2,15,2,1,0,5.12,1.33,Villa,698292.38
Lakeview,1291,1,1,1,14,1,1,1,6.5,0.64,Townhouse,694855.14
Hillview,2411,4,1,2,17,2,0,1,9.85,1.46,Condo,1038285.85
Suburban,669,1,2,2,10,1,0,0,6.89,1.0,Condo,516775.79
Uptown,2213,3,2,2,16,0,1,0,6.2,0.19,Townhouse,943852.58
Uptown,1837,3,1,2,4,0,0,0,7.02,0.74,Condo,868517.94
Downtown,2820,4,1,2,12,0,1,1,6.51,0.12,Villa,1082784.86
Downtown,1829,2,1,1,37,2,1,1,8.37,0.62,Townhouse,844566.99
Hillview,2463,4,2,1,28,0,1,0,8.17,1.38,Apartment,978832.25
Lakeview,1882,4,3,1,5,2,1,1,5.14,0.39,Townhouse,985525.33
Downtown,2163,2,2,2,11,2,1,1,7.56,1.43,Villa,962018.92
Hillview,2505,2,1,3,10,1,1,0,5.18,0.19,Condo,989825.37
Downtown,1846,1,1,3,11,2,0,1,8.39,1.01,Villa,945499.5
Hillview,2648,3,1,1,27,0,0,0,9.68,1.45,Villa,1003685.33
Hillview,1553,2,3,1,35,1,1,1,9.54,1.0,Villa,902691.26
Downtown,2262,1,3,2,28,0,1,0,6.03,1.35,Condo,761912.91
Hillview,2607,3,1,1,19,0,1,1,8.71,1.49,Condo,909654.89
Lakeview,2463,3,1,2,6,0,0,1,8.97,0.98,Villa,1039589.33
Lakeview,3154,1,1,2,5,2,1,1,9.32,1.18,Condo,1107537.82
Downtown,1680,1,3,3,32,2,1,1,6.3,0.1,Condo,807497.71
Suburban,1341,1,1,2,27,2,0,1,7.25,0.67,Condo,670039.54
Suburban,1553,4,3,3,20,2,0,0,6.11,0.47,Condo,890849.73
Old Town,2463,2,2,2,23,2,1,0,5.12,1.25,Villa,901007.88
Suburban,2374,1,1,3,33,2,0,1,8.3,1.03,Townhouse,914596.42
Uptown,2156,1,3,2,32,0,0,0,7.16,0.94,Villa,894316.62
Uptown,1482,5,2,2,3,2,0,1,6.24,1.4,Villa,925537.2
Uptown,2522,2,3,2,15,2,1,1,9.24,0.18,Villa,1151845.07
Suburban,1426,4,1,2,1,0,0,1,7.48,1.43,Apartment,758173.6
Downtown,2737,3,2,3,15,0,1,0,9.97,0.2,Apartment,1119502.86
Lakeview,3672,1,2,2,25,2,0,0,8.97,0.55,Condo,1200572.16
Riverside,2302,2,2,1,8,2,0,0,9.35,0.96,Apartment,885246.57
Hillview,2421,1,1,2,6,0,1,1,8.87,0.55,Townhouse,962655.75
Lakeview,1829,4,2,2,19,0,0,1,5.53,1.04,Condo,878255.52
Downtown,1104,2,3,2,20,1,1,1,5.33,1.17,Villa,725927.78
Downtown,1769,3,3,1,28,0,1,0,9.58,1.25,Villa,884316.99
Downtown,1499,1,1,1,0,2,1,0,5.69,0.31,Condo,708583.92
Suburban,1304,5,3,1,9,1,0,0,6.96,0.31,Condo,834550.82
Downtown,3047,2,3,2,31,0,0,0,8.05,0.13,Condo,1082816.29
Uptown,2250,3,1,1,27,2,1,1,6.06,0.76,Townhouse,879944.34
Hillview,2309,5,1,2,35,2,0,0,6.13,0.25,Condo,1000629.24
Lakeview,1930,4,3,1,32,2,0,1,7.33,0.51,Villa,1017450.55
Uptown,2005,4,1,1,33,2,0,0,6.8,1.27,Townhouse,826574.72
Lakeview,2631,5,1,1,20,0,0,1,8.38,1.43,Townhouse,969880.11
Suburban,2082,1,2,1,38,2,0,1,5.38,1.24,Condo,745560.88
Riverside,2392,5,2,1,16,2,1,0,7.44,0.05,Villa,1063747.88
Uptown,1992,3,2,3,36,2,0,1,5.87,0.87,Condo,893046.25
Suburban,1912,3,2,1,15,0,1,0,8.03,0.29,Townhouse,832523.02
Downtown,1326,2,3,2,17,1,1,0,5.58,0.59,Apartment,728355.18
Hillview,1012,4,3,2,27,2,0,0,5.99,0.67,Townhouse,756869.95
Uptown,1956,5,1,3,15,0,1,1,9.02,1.42,Condo,956877.09
Lakeview,2131,4,1,2,5,1,0,1,6.18,0.97,Villa,1013452.97
Lakeview,1393,1,1,2,35,2,0,0,8.69,0.44,Townhouse,815141.54
Downtown,2081,3,2,3,18,2,0,0,6.37,0.98,Condo,968848.8
Uptown,2130,4,2,3,37,1,1,1,6.18,1.43,Condo,954130.82
Uptown,914,2,3,1,15,2,1,1,6.5,0.14,Villa,787814.93
Hillview,1597,4,2,3,38,2,1,0,9.4,1.23,Condo,944126.11
Uptown,2324,4,1,2,24,2,1,0,6.99,0.36,Townhouse,976293.73
Uptown,2313,1,3,1,30,0,0,1,6.22,0.27,Townhouse,850302.45
Old Town,1465,3,1,2,30,0,1,1,7.68,1.35,Townhouse,685120.48
Downtown,2187,1,3,3,8,0,1,1,6.93,0.05,Villa,1061693.98
Old Town,2662,3,3,1,32,1,0,0,8.95,1.12,Villa,1018877.27
Suburban,2527,2,3,1,37,1,0,1,9.95,0.18,Apartment,943263.06
Downtown,2048,5,3,3,26,0,0,0,7.63,0.95,Condo,985374.78
Downtown,1843,5,1,2,37,2,0,1,7.26,0.95,Villa,927474.82
Hillview,1754,3,2,1,33,0,0,1,6.72,1.3,Townhouse,763642.49
Old Town,2357,3,2,3,26,2,1,0,9.87,1.24,Townhouse,1017458.93
Old Town,2207,4,2,2,19,1,0,0,7.42,1.04,Townhouse,945402.29
Uptown,2446,4,3,1,34,2,1,1,5.89,0.6,Condo,998807.34
Old Town,2173,4,2,1,7,0,1,0,9.85,0.29,Condo,919543.92
Hillview,2550,4,1,2,22,0,0,1,9.8,0.97,Apartment,1021406.46
Downtown,2152,5,3,1,32,2,1,0,7.18,0.77,Condo,939065.75
Uptown,2532,5,2,2,37,1,0,0,6.74,0.16,Apartment,1025473.84
Old Town,2579,1,3,1,10,1,0,1,8.4,1.44,Townhouse,943177.92
Suburban,1658,3,1,1,3,0,1,1,9.14,0.51,Townhouse,832057.27
Uptown,1106,3,3,3,13,2,1,0,7.49,0.05,Apartment,852584.63
Uptown,2949,3,1,1,34,0,0,0,6.65,1.36,Villa,908654.97
Downtown,2241,3,2,3,20,2,1,1,6.51,0.89,Condo,1009533.36
Suburban,1157,4,3,1,2,1,1,0,6.63,1.11,Apartment,733789.69
Downtown,1707,3,2,2,4,0,1,0,5.59,0.27,Apartment,816449.91
Suburban,2525,2,1,1,13,1,1,1,8.89,0.64,Apartment,923107.4
Downtown,1946,3,3,2,13,1,0,1,5.52,0.99,Apartment,843473.77
Hillview,1818,5,3,2,5,1,0,0,6.99,0.41,Townhouse,980340.31
Old Town,2870,2,1,1,19,2,0,0,9.17,1.07,Condo,886497.19
Lakeview,1524,1,1,2,19,1,1,0,7.02,0.39,Townhouse,775757.8
Uptown,1661,5,1,3,7,1,1,1,6.47,0.35,Villa,935874.51
Hillview,2216,1,1,2,9,1,1,0,9.74,0.07,Condo,988396.54
Old Town,2315,4,2,1,26,0,1,1,5.63,0.46,Villa,931570.54
Downtown,2373,5,1,3,38,2,1,1,9.42,0.41,Villa,1159056.09
Downtown,2601,2,3,1,39,0,0,0,5.31,1.16,Townhouse,819365.67
Hillview,2209,2,1,1,22,0,0,1,7.07,0.88,Apartment,812812.82
Downtown,2369,2,2,2,1,0,1,0,8.16,0.31,Villa,1055498.31
Downtown,1957,1,2,1,35,1,0,0,6.85,0.87,Condo,752353.39
Suburban,2134,1,2,1,38,1,1,1,7.67,0.38,Townhouse,852344.6
Lakeview,2159,1,1,3,11,2,0,1,6.02,0.67,Condo,925890.87
Old Town,2218,3,2,2,16,2,1,1,7.85,1.34,Condo,904659.75
Hillview,2525,3,2,3,1,2,1,1,5.67,1.09,Villa,1123328.45
Riverside,2405,1,2,2,32,0,1,0,8.98,0.99,Condo,830332.37
Suburban,2124,5,3,2,31,2,1,1,7.92,0.46,Condo,1081722.21
Riverside,1655,4,2,3,0,0,1,1,7.41,0.23,Townhouse,947391.25
Downtown,2137,1,2,1,28,0,1,1,5.27,1.14,Condo,762529.32
Uptown,2085,5,1,2,16,1,0,0,7.5,0.87,Townhouse,935762.29
Suburban,2206,1,1,3,21,1,1,1,7.82,0.95,Condo,843702.84
Riverside,3314,3,2,1,8,0,1,0,6.33,1.46,Apartment,1031765.37
Lakeview,1812,3,2,3,32,2,0,0,8.39,0.56,Villa,987057.49
Hillview,2332,3,3,1,16,0,0,0,5.38,1.21,Villa,920480.97
Old Town,2688,5,3,2,33,1,0,0,6.04,0.86,Apartment,1003717.12
Old Town,2154,5,1,3,5,1,1,0,8.69,0.39,Townhouse,1023768.78
Uptown,3386,2,2,1,23,1,1,1,5.74,0.13,Apartment,1058865.39
Suburban,1892,3,2,3,12,1,0,1,6.23,0.94,Apartment,867419.19
Hillview,2278,5,1,1,38,2,1,0,8.25,0.48,Condo,945488.73
Lakeview,1661,4,2,1,22,1,0,1,8.64,1.06,Apartment,871209.44
Hillview,1907,5,2,2,28,0,1,0,5.26,1.07,Condo,869348.67
Old Town,2237,3,1,2,3,2,0,0,5.63,0.71,Apartment,856724.94
Suburban,2565,2,2,3,27,2,0,0,7.23,0.83,Villa,1022491.21
Suburban,2276,3,3,3,4,0,0,1,7.96,0.96,Apartment,1040362.95
Lakeview,2793,5,1,3,14,2,0,0,7.27,0.73,Apartment,1116588.4
Old Town,2048,5,2,2,8,1,0,0,8.24,1.32,Condo,869424.67
Riverside,1917,4,1,1,0,0,1,1,8.78,0.16,Apartment,866209.85
Riverside,3587,4,1,3,23,0,0,1,9.75,1.47,Condo,1193808.82
Hillview,2317,3,3,2,9,2,0,0,6.75,0.1,Townhouse,1090699.56
Old Town,1704,2,2,1,20,0,1,0,5.82,0.35,Villa,743272.91
Hillview,1718,3,1,3,30,1,0,1,6.32,1.08,Condo,840178.14
Suburban,1582,3,2,2,7,2,0,0,5.74,0.17,Villa,870868.44
Hillview,2615,5,1,2,28,2,1,1,6.97,0.43,Villa,1145354.14
Old Town,1900,3,2,2,11,1,0,1,9.36,0.27,Villa,1009788.92
Lakeview,2170,4,1,3,13,2,1,0,6.74,1.1,Townhouse,1029134.08
Suburban,2065,1,2,1,23,0,0,1,5.74,0.89,Condo,695273.07
Suburban,2502,4,2,2,25,2,1,0,7.61,0.14,Townhouse,1052922.53
Old Town,1634,3,2,1,26,0,0,1,9.96,0.72,Villa,743853.01
Old Town,1508,5,2,2,7,0,1,0,5.94,0.35,Condo,787023.81
Hillview,2223,3,1,1,23,2,1,0,8.89,1.45,Townhouse,944664.56
Riverside,2431,3,1,2,10,2,1,1,9.12,0.21,Condo,1053634.6
Lakeview,2283,1,1,3,11,2,0,0,7.01,0.92,Villa,1006603.9
Old Town,1655,5,2,2,37,2,0,0,8.1,0.75,Apartment,859730.98
Downtown,2473,4,2,3,4,0,1,1,7.16,0.89,Condo,1079521.41
Downtown,1691,5,3,3,16,1,0,1,6.31,1.44,Townhouse,986410.84
Lakeview,1813,1,1,1,17,2,0,0,7.13,0.54,Villa,840126.4
Downtown,1581,2,1,2,9,1,1,0,5.48,1.14,Condo,710877.21
Lakeview,2816,5,3,2,31,0,0,1,8.53,0.7,Apartment,1080441.95
Suburban,2448,1,3,2,19,0,0,0,9.15,1.01,Condo,934894.34
Downtown,2433,3,3,3,28,2,1,1,6.54,0.58,Townhouse,1108820.06
Riverside,2786,3,1,2,15,2,1,0,7.83,0.38,Townhouse,1066696.49
Hillview,3647,5,1,1,35,0,1,1,6.16,0.17,Apartment,1128658.71
Riverside,1160,5,1,2,29,0,1,0,5.64,0.2,Apartment,711928.8
Uptown,1694,5,1,1,13,1,0,1,8.32,1.44,Townhouse,838689.09
Hillview,1761,2,3,2,38,0,0,0,5.67,1.19,Townhouse,780319.45
Riverside,1632,3,3,2,34,2,1,0,8.91,0.41,Apartment,890360.29
Hillview,1507,4,3,3,23,2,1,1,6.36,0.82,Townhouse,979306.29
Lakeview,1935,5,3,1,0,1,0,1,9.09,1.09,Townhouse,988784.2
Riverside,1431,1,2,2,23,2,1,0,6.84,0.56,Villa,806443.8
Suburban,2284,5,2,1,27,0,1,0,6.84,0.69,Townhouse,872897.79
Riverside,2128,2,3,2,14,2,0,1,8.75,1.09,Condo,946494.91
Uptown,2365,1,3,2,5,1,1,1,7.55,0.38,Villa,1073631.0
Suburban,2379,4,2,2,22,1,0,1,6.0,0.81,Apartment,900544.29
Lakeview,2432,4,3,1,32,0,0,0,9.25,0.35,Condo,1032446.06
Hillview,1895,1,2,1,12,0,1,1,6.7,0.05,Condo,811234.17
Hillview,3267,1,2,2,18,0,0,0,5.51,1.05,Villa,1009453.08
Riverside,2229,5,3,2,0,1,0,1,7.08,1.08,Villa,1097731.9
Lakeview,1076,5,2,1,28,0,1,0,7.87,1.49,Condo,710636.34
Downtown,1549,1,3,2,34,0,0,0,8.05,0.31,Apartment,769473.15
Riverside,1143,5,2,1,31,1,0,0,9.18,1.12,Villa,797521.06
Riverside,2110,5,1,2,17,2,1,1,7.71,1.42,Townhouse,1003280.52
Old Town,2033,5,1,2,1,0,0,1,6.12,0.98,Townhouse,866965.67
Old Town,1842,2,2,3,19,1,1,0,6.31,1.45,Townhouse,828392.18
Suburban,3206,3,2,3,37,2,0,0,5.5,1.49,Villa,1114359.65
Suburban,2402,5,2,3,3,1,1,1,8.68,1.21,Condo,1073388.31
Downtown,2499,5,3,1,8,0,0,0,5.53,1.5,Townhouse,905234.09
Hillview,1588,4,1,3,33,0,1,0,8.03,0.96,Townhouse,864813.05
Riverside,1550,1,1,2,22,2,1,0,7.98,0.77,Condo,783873.45
Old Town,2120,1,3,2,6,1,1,1,8.93,1.38,Apartment,900383.32
Hillview,2195,2,2,3,0,0,0,1,5.37,1.25,Townhouse,904814.42
Hillview,1079,1,2,1,16,2,0,1,6.01,0.21,Condo,709258.04
Old Town,2001,1,1,1,23,2,1,1,9.55,0.49,Townhouse,825243.25
Hillview,2108,1,2,3,33,2,0,1,7.86,0.43,Townhouse,936539.35
Hillview,1982,4,2,2,35,0,1,1,7.29,1.29,Villa,958407.6
Hillview,1653,3,2,2,18,0,1,0,8.74,0.39,Villa,890505.48
Hillview,1803,3,1,1,16,0,1,0,9.51,0.49,Townhouse,889458.21
Riverside,2003,5,2,2,37,0,0,1,6.32,0.8,Condo,895234.34
Suburban,2150,3,2,1,31,1,1,1,9.51,0.16,Villa,955905.02
Uptown,2433,3,1,2,8,1,1,1,5.54,1.44,Apartment,922024.0
Riverside,2694,2,1,2,27,2,0,0,9.89,0.76,Villa,1111517.96
Old Town,1938,3,3,3,28,0,1,0,5.82,0.33,Apartment,884440.18
Suburban,1849,1,3,3,9,2,0,0,6.33,0.44,Condo,890975.0
Old Town,2341,3,2,1,39,2,0,0,5.48,1.21,Townhouse,891008.85
Old Town,2436,5,3,1,11,0,0,1,9.02,0.97,Apartment,974819.53
Hillview,1861,3,3,2,21,1,1,0,9.92,0.72,Townhouse,1002925.37
Old Town,2535,2,1,3,19,1,1,0,6.48,0.53,Townhouse,922494.67
Riverside,2639,4,2,1,27,0,1,0,6.63,1.36,Townhouse,870952.03
Lakeview,2810,5,3,2,36,0,1,0,6.39,1.17,Townhouse,1079404.94
Old Town,3078,3,1,2,15,2,1,1,5.77,1.09,Condo,1019800.2
Uptown,1623,2,3,1,15,2,0,1,8.94,0.7,Condo,876171.59
Uptown,2108,4,1,2,30,1,0,0,5.3,1.47,Villa,835145.72
Old Town,2106,1,1,1,38,0,0,1,9.84,1.08,Apartment,740596.86
Lakeview,2046,5,2,2,36,0,1,1,9.64,0.66,Condo,982720.36
Downtown,1743,2,2,3,30,2,0,1,5.59,1.44,Townhouse,862158.36
Lakeview,1283,2,1,2,28,1,0,1,7.65,1.35,Apartment,731713.16
Uptown,2151,4,1,1,30,1,0,1,9.96,1.12,Townhouse,916692.27
Old Town,1677,1,2,3,37,0,1,1,9.26,1.16,Apartment,748164.53
Uptown,2147,2,1,1,0,2,1,0,8.58,0.66,Apartment,934251.23
Old Town,1663,1,3,3,23,1,1,1,5.11,0.79,Apartment,800162.8
Suburban,1495,2,3,3,1,1,0,1,5.34,0.33,Villa,884299.41
Uptown,2229,3,1,2,23,2,0,1,8.97,0.91,Apartment,999330.69
Suburban,2183,1,2,1,15,1,1,0,6.88,0.59,Condo,800021.54
Riverside,2419,2,1,3,12,2,0,1,8.34,0.55,Villa,1048307.32
Old Town,3302,4,2,3,35,1,1,1,8.7,1.42,Townhouse,1151517.45
Uptown,2253,5,3,2,28,1,1,0,7.11,0.29,Condo,1032845.02
Riverside,2367,1,1,3,22,2,0,1,5.72,1.25,Condo,907353.01
Old Town,1507,4,1,3,35,1,1,1,6.93,0.46,Condo,841203.98
Downtown,1392,1,1,3,3,2,0,1,9.36,0.09,Apartment,863147.76
Downtown,2971,3,3,1,25,0,0,1,6.66,0.11,Townhouse,1084908.12
Downtown,1592,5,1,2,6,2,1,1,5.31,0.67,Condo,859403.26
Downtown,1526,4,2,1,9,1,1,0,9.8,0.71,Apartment,821940.05
Lakeview,2078,2,2,1,7,0,0,1,8.4,0.51,Condo,855582.17
Uptown,2050,2,1,2,21,0,1,1,7.7,1.02,Condo,826344.0
Uptown,1604,4,1,1,25,2,1,0,9.15,0.75,Condo,803003.56
Downtown,1932,5,1,1,30,1,0,1,7.06,0.16,Villa,963797.79
Downtown,2776,2,3,3,17,2,1,0,9.93,0.55,Apartment,1180862.41
Suburban,1657,1,3,2,37,0,1,0,9.29,0.2,Townhouse,808269.63
Old Town,1333,3,3,2,14,0,0,1,6.4,0.14,Townhouse,814590.04
Riverside,2618,4,1,1,6,2,0,1,6.86,0.35,Townhouse,978683.32
Old Town,2371,3,2,3,1,1,1,0,6.38,1.07,Villa,998951.43
Suburban,1759,5,2,2,5,2,0,1,8.3,1.06,Apartment,974211.84
Uptown,1230,5,3,2,17,2,1,0,8.2,1.3,Condo,870398.99
Riverside,1690,4,1,1,16,1,1,0,7.61,1.15,Townhouse,840370.34
Downtown,2070,1,3,1,34,2,1,1,9.83,0.83,Condo,932840.12
Uptown,2741,5,1,1,5,2,0,0,7.36,0.5,Condo,1085228.15
Lakeview,1530,4,2,1,10,0,0,1,8.92,0.06,Villa,947772.37
Downtown,2054,2,3,3,39,0,1,0,8.29,0.99,Villa,962160.06
Old Town,2471,3,1,2,1,0,0,0,7.59,0.47,Condo,889374.71
Uptown,790,5,1,2,16,2,1,1,5.21,0.41,Townhouse,741913.99
Hillview,2669,5,3,3,7,0,1,0,8.29,1.46,Townhouse,1135746.69
Uptown,1450,3,1,3,21,0,1,0,8.21,0.3,Condo,823350.93
Riverside,2283,1,3,1,38,1,1,0,5.62,0.1,Apartment,822629.85
Riverside,2236,4,2,2,9,0,0,1,8.98,1.43,Villa,1034310.87
Hillview,2697,4,2,2,14,0,0,0,7.33,0.49,Apartment,1049491.89
Suburban,2403,1,3,1,17,2,0,1,6.62,0.62,Villa,1003805.44
Suburban,792,5,3,3,31,2,1,0,9.12,0.17,Villa,843971.4
Hillview,1668,2,1,2,39,1,1,1,6.72,0.64,Villa,799813.91
Hillview,2176,5,1,2,3,2,1,1,8.11,1.46,Apartment,1001996.37
Downtown,1993,3,1,2,19,1,1,0,8.09,1.06,Condo,899652.36
Old Town,2363,2,1,3,30,1,0,1,5.26,0.74,Villa,904200.57
Riverside,2534,1,3,1,0,1,1,0,7.11,0.5,Villa,945624.33
Old Town,2435,1,2,2,32,2,0,1,6.11,0.58,Condo,872771.89
Lakeview,1982,4,3,3,9,0,0,0,6.0,0.94,Villa,982420.04
Downtown,1085,2,1,3,20,1,0,1,8.27,0.42,Condo,722059.36
Lakeview,1849,5,3,2,39,0,0,0,5.06,0.27,Apartment,933390.7
Old Town,2329,2,3,1,25,2,1,1,9.85,1.06,Condo,936029.78
Uptown,1500,5,3,3,39,1,0,0,6.98,1.31,Condo,884728.82
Riverside,2447,5,2,3,24,0,0,0,6.49,1.36,Condo,969736.09
Riverside,2600,1,3,2,8,1,1,0,9.6,1.27,Condo,997312.61
Uptown,2170,4,2,2,27,1,1,1,7.43,0.82,Townhouse,964983.47
Hillview,415,5,2,2,24,0,0,0,8.07,1.19,Townhouse,641934.13
Suburban,1397,2,2,1,12,2,0,1,8.48,1.39,Condo,730490.89
Hillview,3137,1,1,1,3,1,1,1,9.36,0.08,Condo,1126525.88
Uptown,1799,5,3,3,25,0,1,0,5.65,0.65,Townhouse,975505.89
Riverside,1009,3,3,3,23,1,0,0,5.41,0.35,Townhouse,728743.33
Lakeview,2779,1,3,1,30,1,0,0,9.97,1.5,Apartment,1011333.31
Hillview,2107,5,3,2,5,1,0,0,5.04,1.4,Condo,961945.95
Riverside,2708,4,2,3,21,0,0,1,8.54,1.21,Condo,1047021.97
Downtown,2252,1,3,1,32,2,1,1,8.06,0.48,Apartment,924512.43
Hillview,2352,2,1,1,35,1,0,1,7.76,1.43,Villa,902667.18
Suburban,2300,1,2,1,37,1,1,1,8.93,0.09,Apartment,866776.32
Uptown,2484,5,1,1,8,2,0,1,9.96,0.32,Villa,1140926.08
Old Town,3353,1,1,2,6,1,1,1,5.23,0.94,Condo,972766.22
Old Town,2634,4,2,2,23,0,1,0,8.07,1.2,Villa,1051740.8
Suburban,1231,3,2,3,18,1,0,1,8.58,1.33,Villa,783147.88
Hillview,2346,3,3,3,9,1,1,1,6.53,0.49,Condo,1094926.28
Suburban,2728,5,2,3,4,0,1,0,9.46,0.62,Villa,1188809.09
Riverside,2761,5,2,3,5,0,1,1,7.28,0.71,Condo,1139253.58
Uptown,1865,1,2,3,13,0,0,1,5.82,0.09,Condo,840190.74
Lakeview,2741,1,2,2,29,2,0,0,9.27,1.3,Villa,1103209.93
Lakeview,2610,1,3,3,2,0,1,1,9.71,0.54,Townhouse,1143300.48
Lakeview,3515,4,1,1,4,1,0,1,5.5,0.34,Villa,1165644.63
Old Town,1687,3,2,3,10,2,1,1,8.76,0.64,Villa,952889.74
Suburban,1821,1,2,1,34,1,1,1,6.08,1.08,Condo,696497.63
Uptown,1932,2,1,2,39,0,0,1,5.03,1.31,Villa,728246.96
Uptown,1830,3,3,1,17,2,0,0,6.3,0.36,Apartment,908612.65
Lakeview,1610,4,2,2,1,1,1,0,9.27,0.3,Villa,1031223.03
Hillview,581,2,1,3,0,0,0,1,5.71,1.42,Townhouse,654651.11
Downtown,1861,5,2,1,34,1,0,0,5.65,0.85,Apartment,841215.59
Old Town,2303,5,3,2,17,0,1,1,8.7,0.58,Townhouse,1025142.34
Old Town,1829,4,3,1,3,1,0,1,7.03,0.34,Apartment,837886.76
Uptown,3164,3,1,1,33,0,0,0,5.74,1.49,Apartment,841175.68
Riverside,2107,5,2,2,21,2,0,1,6.15,1.09,Townhouse,953304.15
Riverside,2810,4,1,2,13,2,0,0,8.97,0.37,Apartment,1126941.32
Downtown,2244,3,2,1,18,2,0,0,8.12,0.18,Condo,924823.73
Uptown,2555,3,2,2,9,2,0,0,8.8,0.34,Apartment,1065251.98
Uptown,2254,5,2,3,37,0,1,0,5.49,0.41,Villa,1009855.74
Downtown,2853,3,3,2,31,0,0,1,7.29,0.21,Apartment,1067114.88
Old Town,2131,1,2,3,7,2,1,0,8.99,0.38,Villa,1039932.12
Old Town,2373,5,2,3,29,1,0,0,6.33,0.22,Condo,956659.73
Old Town,2301,1,1,2,7,1,1,0,5.85,0.6,Townhouse,795085.6
Lakeview,1941,4,1,2,18,2,0,0,6.91,0.75,Townhouse,971145.5
Suburban,2323,4,3,3,29,1,1,0,6.67,0.71,Apartment,1014666.67
Riverside,3329,3,2,2,1,2,0,1,5.93,1.25,Villa,1168135.49
Suburban,1951,1,3,2,29,2,1,1,9.77,0.42,Villa,1021657.07
Suburban,2331,3,2,1,9,0,1,0,7.42,1.34,Townhouse,820454.28
Lakeview,2792,5,2,1,27,2,0,0,8.04,1.37,Apartment,1082440.34
Lakeview,2727,2,2,1,19,0,1,0,5.61,1.44,Condo,887954.05
Downtown,2106,4,2,2,1,0,0,0,8.05,0.31,Townhouse,985643.6
Hillview,789,5,1,3,30,2,0,1,7.78,0.41,Villa,796541.2
Suburban,2384,5,1,1,10,2,0,0,9.66,0.95,Apartment,956802.42
Suburban,879,3,2,1,38,0,1,0,7.06,0.25,Townhouse,613239.92
Riverside,2908,2,2,1,33,1,1,1,8.91,0.17,Villa,1070656.74
Suburban,2193,4,2,2,7,1,1,0,6.52,0.16,Townhouse,994722.44
Old Town,2650,3,2,1,24,1,1,1,7.89,0.93,Townhouse,984345.13
Lakeview,1604,4,1,1,14,2,1,1,9.63,1.22,Townhouse,871755.91
Hillview,1246,4,3,1,24,0,1,1,8.13,0.43,Condo,821479.82
Uptown,2243,4,2,1,22,2,1,0,8.56,1.4,Townhouse,940723.43
Old Town,2082,2,1,1,11,0,0,1,9.38,1.2,Townhouse,790510.39
Downtown,1830,4,2,3,26,0,1,1,9.63,0.16,Villa,1052803.21
Downtown,2147,3,3,3,10,1,0,1,6.04,0.64,Condo,975777.93
Suburban,3622,5,3,2,36,0,0,0,5.98,0.15,Villa,1244033.15
Suburban,2559,4,1,1,37,1,1,1,7.75,1.38,Townhouse,895386.11
Uptown,2677,5,3,1,6,1,0,1,9.98,1.13,Condo,1107542.56
Uptown,2564,5,2,1,29,1,0,1,7.45,1.05,Villa,1060386.27
Uptown,2914,5,2,2,37,0,1,1,6.65,1.04,Apartment,1035620.68
Hillview,1995,4,2,2,5,2,1,0,7.69,0.46,Apartment,972329.11
Old Town,970,3,3,1,29,0,0,1,5.32,1.4,Apartment,569228.9
Hillview,1996,1,1,2,37,0,0,1,5.89,1.39,Apartment,727793.93
Riverside,2546,2,1,1,9,1,0,1,5.74,1.12,Townhouse,825127.01
Hillview,1567,3,2,2,23,2,0,0,5.14,0.73,Villa,873451.03
Uptown,2003,4,1,3,31,1,0,1,8.61,0.12,Apartment,972574.97
Uptown,1720,3,3,1,13,2,1,1,6.63,0.09,Apartment,860924.67
Hillview,2926,3,3,2,9,2,0,1,5.84,0.25,Villa,1134997.12
Downtown,2512,1,2,2,15,2,1,0,7.56,0.91,Villa,1034545.36
Uptown,2458,4,3,3,13,0,0,1,6.62,1.21,Condo,1024342.05
Riverside,2442,3,1,2,29,2,1,0,6.97,1.43,Townhouse,893863.88
Uptown,2080,1,2,2,14,0,1,1,6.58,0.3,Townhouse,899185.07
Old Town,2209,2,2,3,15,2,0,0,5.02,0.45,Townhouse,935164.79
Lakeview,1448,5,1,2,37,2,1,0,8.44,0.13,Condo,877162.43
Riverside,897,1,1,2,23,0,0,1,5.55,1.48,Villa,576476.02
Lakeview,2183,3,2,1,37,0,1,1,6.1,1.18,Apartment,879712.32
Uptown,2278,3,2,2,28,2,1,1,5.95,0.75,Townhouse,1013106.58
Riverside,2765,1,1,1,35,0,1,0,6.66,0.88,Apartment,840476.43
Old Town,2964,1,2,2,7,2,1,0,5.8,0.87,Apartment,979173.23
Old Town,2963,5,3,1,37,1,1,1,6.73,0.42,Condo,1046647.04
Uptown,1551,3,1,1,37,1,0,1,6.22,0.32,Townhouse,739982.85
Hillview,1906,2,3,2,1,2,0,1,5.31,0.48,Townhouse,958898.54
Uptown,2364,1,2,2,14,0,1,0,9.35,0.41,Townhouse,934882.2
Riverside,3493,3,2,3,16,1,1,1,6.53,0.86,Townhouse,1195505.45
Old Town,2914,4,3,1,16,2,0,1,5.48,0.5,Villa,1049226.25
Old Town,2716,4,2,3,31,0,1,0,7.61,1.11,Apartment,1000359.67
Lakeview,1887,1,3,1,27,0,0,0,5.62,0.87,Villa,796936.35
Riverside,1614,4,1,3,8,0,0,0,8.87,0.82,Condo,836202.28
Hillview,2534,5,1,3,24,1,1,0,5.31,1.43,Condo,1023832.48
Downtown,1495,2,2,3,38,0,1,1,7.32,0.52,Apartment,767984.99
Uptown,1969,1,1,1,17,0,1,1,9.72,0.97,Townhouse,798374.13
Riverside,2037,5,1,3,37,2,1,0,5.79,0.05,Villa,1023573.16
Riverside,2976,3,2,1,25,1,0,1,6.01,1.12,Townhouse,1006300.39
Hillview,1905,4,3,3,36,1,1,1,8.0,0.78,Apartment,985606.84
Old Town,758,2,1,2,36,1,0,1,9.9,0.35,Apartment,622041.07
Uptown,2377,2,3,2,0,2,1,0,6.93,0.05,Apartment,1020989.82
Old Town,1716,2,2,2,32,1,1,1,8.24,1.08,Apartment,769146.51
Old Town,2123,2,1,1,7,1,0,1,5.76,1.01,Apartment,743135.93
Downtown,2052,3,1,3,32,2,1,1,8.21,1.01,Villa,1018769.15
Downtown,1949,1,3,3,32,0,0,1,6.26,0.68,Townhouse,883358.98
Riverside,2535,5,1,3,10,1,1,0,8.07,0.98,Condo,1065329.06
Lakeview,1257,3,2,3,2,2,0,1,5.44,0.88,Townhouse,841497.54
Lakeview,1816,5,3,3,16,1,0,0,7.62,0.4,Apartment,1036786.92
Hillview,2476,3,2,3,12,2,1,1,6.19,0.8,Villa,1138856.63
Hillview,1762,2,1,2,22,2,1,1,8.41,0.8,Villa,940183.36
Riverside,1215,3,1,3,3,1,0,1,8.74,1.24,Apartment,763312.0
Suburban,2468,1,3,1,1,2,1,0,9.24,0.68,Condo,992529.64
Downtown,2718,5,2,3,17,0,1,0,9.96,0.68,Townhouse,1136909.13
Riverside,2075,4,1,2,30,0,1,1,7.3,1.48,Villa,870529.55
Riverside,1022,1,1,2,12,2,1,0,8.35,1.35,Villa,691672.02
Suburban,2488,3,2,2,12,0,0,0,5.09,0.4,Villa,905679.77
Suburban,1187,3,1,1,6,1,1,0,9.53,1.37,Villa,711992.22
Downtown,2270,2,2,2,11,1,1,0,8.08,0.25,Townhouse,983537.02
Hillview,1612,1,1,2,11,1,1,0,7.11,1.29,Condo,696915.7
Lakeview,1462,4,3,1,10,2,1,0,7.17,0.32,Villa,926892.79
Hillview,1857,2,2,3,13,0,1,0,8.79,0.67,Apartment,869949.98
Old Town,1999,3,3,1,11,1,1,1,9.17,1.48,Condo,920858.47
Riverside,1746,2,1,3,27,0,1,1,9.04,0.19,Villa,913392.28
Riverside,2424,4,2,1,13,0,1,1,7.55,1.27,Apartment,910065.73
Downtown,1855,1,1,1,30,0,1,1,6.86,0.77,Townhouse,726101.84
Hillview,2639,2,2,1,24,2,1,0,9.73,0.21,Condo,1060533.02
Old Town,2255,3,3,1,25,0,0,1,8.17,1.43,Villa,914553.87
Downtown,1716,3,1,1,23,2,0,0,7.72,0.85,Villa,786591.15
Riverside,1624,4,3,3,36,1,1,0,7.99,1.33,Villa,966474.44
Suburban,1194,1,2,3,10,1,0,0,8.15,1.31,Condo,738665.63
Suburban,2260,3,3,2,39,2,1,1,8.57,0.07,Condo,1014941.33
Hillview,1905,4,1,1,8,2,1,0,7.77,0.43,Condo,901531.78
Old Town,795,2,3,3,5,0,0,1,9.38,0.54,Apartment,648530.98
Hillview,1805,1,2,2,33,2,0,0,9.3,0.83,Condo,831000.22
Hillview,1604,5,1,2,35,2,0,1,7.21,0.15,Villa,960891.23
Lakeview,2967,4,1,3,3,2,0,1,5.84,0.61,Condo,1199875.44
Uptown,1163,4,3,2,23,0,1,1,7.88,1.23,Condo,806360.92
Hillview,1307,4,3,2,20,1,1,0,8.1,0.3,Townhouse,894367.12
Lakeview,2710,4,1,3,8,1,0,1,7.62,1.07,Condo,1154946.82
Old Town,2846,4,2,2,20,1,0,0,9.45,0.72,Apartment,1077609.39
Lakeview,1690,3,3,3,27,1,0,0,5.47,0.15,Townhouse,921354.34
Uptown,1752,1,2,3,22,1,1,0,6.44,0.31,Apartment,897912.77
Hillview,2439,3,1,3,20,1,1,0,9.33,0.25,Townhouse,1057215.82
Lakeview,820,2,2,1,35,1,0,0,9.7,0.95,Villa,656803.99
Old Town,1076,4,2,1,9,2,1,1,7.13,0.18,Condo,728752.37
Uptown,1946,3,1,2,24,2,0,0,5.96,1.24,Villa,854114.0
Suburban,2952,5,3,2,12,0,1,0,7.1,1.22,Condo,1066036.71
Lakeview,1860,3,1,3,38,1,0,1,7.28,0.17,Villa,988952.27
Hillview,2156,3,3,1,10,2,1,0,7.6,1.34,Apartment,937630.51
Uptown,2724,5,3,3,34,1,1,1,6.37,1.44,Townhouse,1137112.58
Old Town,3259,3,3,3,25,2,0,1,6.56,0.11,Apartment,1189890.37
Lakeview,1783,2,3,3,8,0,1,1,8.28,1.43,Townhouse,893931.86
Downtown,2091,2,1,3,30,1,1,0,8.11,0.46,Villa,923298.49
Downtown,3102,5,1,3,9,2,0,0,8.31,1.01,Condo,1187727.22
Old Town,1263,4,3,2,10,2,0,0,6.89,0.3,Villa,839066.78
Uptown,2665,1,3,2,13,1,0,1,6.68,1.24,Villa,1027305.31
Uptown,1540,3,3,2,27,1,1,0,6.76,1.27,Townhouse,863303.21
Old Town,2156,2,2,3,15,1,0,1,9.76,1.47,Condo,930618.76
Hillview,1967,4,2,1,22,2,0,0,6.98,1.49,Apartment,821605.79
Old Town,1573,1,1,2,22,1,1,1,8.03,0.16,Townhouse,740112.51
Lakeview,1559,4,1,2,7,0,1,0,7.61,1.0,Villa,910184.4
Hillview,2252,4,2,2,9,0,1,1,9.38,0.45,Condo,1078472.35
Riverside,2648,2,1,2,12,1,0,0,6.85,0.23,Townhouse,977936.94
Lakeview,2029,1,1,3,8,2,1,0,7.17,0.27,Condo,910157.92
Downtown,2139,4,1,1,36,1,0,0,9.21,1.41,Villa,899290.12
Lakeview,2414,2,1,3,15,2,0,1,5.8,1.04,Villa,1043512.43
Suburban,1566,5,3,3,16,2,1,1,7.97,0.12,Condo,1005918.51
Riverside,2507,4,3,3,26,1,1,1,7.0,1.48,Apartment,1028609.72
Uptown,2551,5,3,3,31,2,1,1,9.93,1.22,Townhouse,1208714.22
Uptown,3532,3,1,2,27,1,0,1,8.61,0.5,Condo,1164567.13
Lakeview,1893,5,2,1,22,1,1,1,5.05,0.73,Condo,849513.15
Uptown,1848,1,3,2,39,2,0,1,9.2,1.1,Townhouse,942989.7
Hillview,2523,2,2,1,35,1,0,1,8.52,1.03,Villa,1004397.84
Riverside,2551,1,2,1,8,1,0,1,7.8,0.72,Condo,901656.76
Downtown,1806,4,3,3,6,1,1,1,6.18,0.79,Apartment,975684.46
Downtown,1878,3,3,2,15,2,0,0,5.75,0.11,Condo,928382.52
Riverside,2398,2,3,2,33,0,1,1,8.14,0.78,Apartment,996212.09
Downtown,1645,2,2,3,38,0,0,1,7.2,0.54,Townhouse,853714.22
Old Town,1874,4,2,1,28,1,1,1,9.31,0.46,Villa,933389.24
Uptown,2149,1,3,3,27,0,1,1,6.31,0.44,Condo,931969.53
Lakeview,2648,3,3,2,9,1,1,1,8.19,0.99,Townhouse,1117179.4
Old Town,1767,4,2,2,23,1,0,1,6.24,0.67,Condo,853027.76
Lakeview,1087,2,2,2,7,1,0,1,8.18,0.67,Condo,791366.8
Lakeview,1046,2,2,2,21,0,1,1,5.24,0.28,Condo,669941.45
Lakeview,1407,2,1,2,7,0,0,1,6.96,1.44,Apartment,721806.66
Old Town,1378,3,2,2,3,1,1,0,5.86,0.37,Villa,811774.65
Riverside,2015,2,2,1,38,2,0,1,8.03,0.64,Villa,833704.23
Lakeview,1446,2,3,1,35,2,1,0,6.58,0.33,Apartment,761620.33
Suburban,1713,3,2,2,27,1,0,1,8.86,1.07,Apartment,829409.12
Riverside,1674,1,1,1,25,0,0,0,5.57,0.68,Apartment,553408.47
Downtown,1858,3,3,2,9,0,0,0,7.78,0.65,Condo,841086.72
Uptown,2827,1,2,3,22,1,1,1,7.97,1.32,Villa,1094298.46
Hillview,2464,1,1,1,29,0,1,1,5.11,1.15,Condo,795208.61
Downtown,2109,2,3,1,21,2,0,1,5.18,0.8,Condo,872464.59
Suburban,1846,2,2,1,11,1,0,0,6.54,0.73,Apartment,777239.99
Old Town,1862,1,2,3,15,2,0,1,8.05,1.44,Condo,850616.6
Old Town,2280,5,3,3,33,0,1,0,9.81,1.44,Apartment,993083.68
Uptown,2421,2,3,1,10,1,0,1,5.45,1.07,Villa,920296.01
Suburban,1601,5,2,2,38,2,0,0,8.52,1.15,Condo,835364.31
Lakeview,2120,5,2,3,30,0,1,1,8.46,1.35,Villa,1086488.23
Old Town,983,5,3,3,35,2,1,1,8.35,1.45,Condo,837758.06
Uptown,2216,5,1,2,20,1,1,0,7.58,0.17,Townhouse,1013295.48
Suburban,2519,1,3,1,8,1,1,0,9.83,1.5,Apartment,928097.87
Downtown,1946,2,2,3,1,1,1,1,7.51,1.07,Condo,968389.59
Downtown,3099,4,3,3,21,2,1,1,9.19,0.91,Apartment,1266901.8
Riverside,1615,3,2,2,15,2,1,1,6.31,0.65,Townhouse,896082.97
Lakeview,2220,1,3,1,4,0,1,0,9.03,0.54,Villa,956633.83
Downtown,2080,3,1,3,37,1,1,1,9.98,1.22,Apartment,945967.72
Riverside,2045,5,3,1,38,2,0,0,9.55,1.0,Townhouse,956479.17
Downtown,2037,5,1,3,14,0,1,1,6.52,0.34,Villa,1032477.63
Lakeview,2159,2,2,3,26,1,1,1,9.23,0.93,Apartment,982457.89
Hillview,2566,2,1,2,16,2,1,1,5.48,0.25,Townhouse,1000235.86
Uptown,2858,2,3,2,19,0,1,0,8.39,0.77,Apartment,1002148.09
Hillview,2099,2,3,1,24,1,0,0,6.71,0.9,Townhouse,886079.4
Hillview,2548,2,1,3,16,1,0,1,8.29,0.97,Apartment,1047609.76
Uptown,1714,2,3,1,32,0,1,1,7.06,0.26,Condo,821687.7
Downtown,2521,3,1,1,7,0,1,0,5.05,0.19,Condo,890095.69
Lakeview,1681,1,2,3,26,1,1,1,6.16,0.43,Condo,882365.01
Uptown,2700,2,1,3,39,0,1,1,5.21,0.93,Condo,953692.35
Uptown,3316,2,1,2,34,2,1,0,7.14,1.4,Apartment,1070239.89
Riverside,2033,1,1,2,1,1,0,0,9.2,1.18,Townhouse,865512.84
Uptown,894,5,2,2,4,2,0,0,8.69,1.13,Apartment,779327.95
Riverside,1799,4,2,1,25,1,1,0,8.94,0.53,Apartment,841415.16
Downtown,2778,5,3,2,36,0,0,0,9.04,0.21,Villa,1162996.08
Lakeview,2404,3,1,3,33,1,0,0,6.86,1.34,Villa,990327.37
Suburban,2237,1,3,2,36,2,1,0,7.53,0.78,Villa,904702.26
Downtown,2655,5,1,3,5,1,1,0,7.54,0.2,Apartment,1083824.78
Hillview,2366,3,1,3,20,0,0,1,5.57,0.83,Villa,988829.4
Suburban,2770,4,1,3,29,0,0,0,7.99,1.03,Apartment,1010044.4
Lakeview,2606,2,1,3,24,1,0,0,8.6,0.51,Apartment,1033113.55
Old Town,2937,3,2,3,31,2,0,1,8.05,0.06,Villa,1247180.55
Downtown,2297,3,3,3,8,1,1,0,8.73,0.95,Apartment,1029465.94
Lakeview,2598,2,3,3,18,0,0,1,5.59,0.11,Condo,1067563.55
Old Town,1931,3,3,3,17,0,1,1,8.81,0.68,Condo,975460.07
Suburban,1769,4,2,3,37,1,0,1,6.04,1.25,Condo,862461.93
Hillview,3039,1,1,3,8,1,1,0,9.38,1.5,Apartment,1097396.67
Old Town,2219,1,2,3,13,0,0,1,6.22,0.59,Villa,931376.35
Downtown,2543,5,3,2,0,2,1,1,7.46,0.08,Condo,1175124.86
Uptown,2168,3,1,3,6,0,1,1,7.44,0.76,Townhouse,1017012.04
Riverside,1777,5,1,3,39,0,0,0,6.34,0.45,Villa,914938.98
Hillview,2106,4,3,2,33,1,0,0,6.81,1.34,Condo,906774.31
Lakeview,2890,4,1,1,10,2,0,0,5.93,1.08,Villa,1071639.2
Hillview,2405,5,3,3,28,1,0,0,7.85,0.64,Condo,1072017.58
Hillview,1159,4,3,2,23,2,1,1,9.57,1.15,Apartment,921464.72
Suburban,1982,2,2,2,36,0,1,0,6.58,0.54,Townhouse,802165.79
Suburban,3080,3,2,3,12,1,0,1,7.54,0.81,Apartment,1150119.32
Riverside,1982,2,1,1,39,0,0,1,9.31,1.39,Condo,735826.06
Uptown,1110,2,2,2,14,0,1,1,7.26,0.34,Villa,730193.31
Old Town,3141,4,3,1,28,1,1,1,9.16,0.5,Apartment,1178914.19
Riverside,2475,1,3,1,15,0,1,1,7.23,1.33,Condo,869177.21
Uptown,2061,4,2,3,26,0,1,0,7.2,0.72,Condo,924974.78
Uptown,1896,3,3,2,13,0,1,0,5.79,0.51,Condo,902724.06
Lakeview,2695,2,3,1,33,2,1,0,5.62,0.1,Villa,1107796.43
Riverside,1802,1,1,2,25,1,1,1,8.06,0.66,Apartment,776099.05
Hillview,2732,4,2,1,11,1,0,0,9.14,0.78,Apartment,1046678.94
Hillview,2398,5,2,3,38,2,1,0,5.68,0.64,Apartment,1059991.16
Old Town,2235,4,2,1,28,1,0,0,9.55,0.45,Apartment,869925.73
Riverside,2180,3,3,2,17,2,1,0,6.79,0.59,Apartment,943933.31
Downtown,2004,4,3,2,5,1,1,0,7.13,0.98,Townhouse,1017668.15
Suburban,2675,3,2,1,38,0,0,0,9.47,1.34,Condo,890394.84
Old Town,1624,2,1,3,30,0,0,0,9.48,0.99,Townhouse,750381.08
Lakeview,1208,2,3,2,26,0,0,1,7.62,0.99,Apartment,735738.95
Lakeview,2438,2,3,2,33,0,1,1,6.38,1.23,Townhouse,988460.59
Suburban,2447,5,3,2,24,0,0,0,5.86,0.29,Apartment,914862.58
Hillview,2364,4,2,3,9,1,0,0,6.36,0.49,Villa,1098686.25
Downtown,2324,1,1,1,9,2,1,0,8.9,0.12,Condo,977275.47
Hillview,1924,5,2,3,3,0,1,0,6.62,0.56,Apartment,1027496.57
Riverside,2533,1,1,2,2,0,0,0,8.47,1.5,Condo,878270.07
Old Town,2075,3,2,1,29,2,0,1,5.98,0.53,Villa,902011.07
Uptown,1832,1,3,2,34,0,1,1,7.39,1.3,Townhouse,855430.66
Riverside,1928,2,1,3,6,2,1,1,6.76,0.17,Villa,974093.7
Uptown,3211,4,3,1,22,1,1,0,7.52,0.72,Apartment,1148299.85
Old Town,1146,5,1,2,4,2,0,1,7.85,0.56,Villa,880794.58
Lakeview,2375,5,1,2,16,1,0,1,9.95,0.34,Villa,1107105.94
Hillview,1176,5,3,3,31,1,0,0,9.5,0.59,Townhouse,953296.27
Riverside,2040,2,1,2,32,0,1,0,8.48,0.99,Apartment,798836.89
Uptown,1862,1,3,3,37,1,0,1,5.77,0.76,Condo,863339.11
Riverside,953,5,3,3,12,2,0,1,9.6,1.27,Townhouse,908705.83
Old Town,2314,5,1,3,37,2,0,1,9.46,1.36,Condo,1012711.75
Downtown,1891,2,1,2,31,0,0,0,9.43,0.75,Condo,811669.3
Downtown,945,1,1,3,13,0,1,1,7.4,1.47,Townhouse,683665.38
Hillview,2562,4,1,1,13,0,0,1,5.85,0.15,Apartment,946472.87
Suburban,2889,1,3,3,4,2,1,0,8.77,0.45,Townhouse,1151173.09
Lakeview,2920,1,3,3,36,0,0,0,6.94,0.65,Condo,1032201.96
Uptown,2297,5,3,1,8,2,0,0,6.72,0.89,Apartment,985848.94
Hillview,2125,3,3,2,10,1,1,0,6.95,0.84,Villa,1021429.15
Uptown,2830,1,3,3,16,0,1,1,7.8,0.87,Apartment,1054748.23
Hillview,3025,4,3,1,5,2,1,0,6.67,1.35,Condo,1138546.93
Downtown,2723,2,3,3,32,2,0,0,8.45,0.45,Condo,1123491.38
Riverside,1582,3,2,3,27,1,1,0,8.24,1.23,Apartment,861548.19
Old Town,2211,5,3,3,6,2,0,1,7.54,0.86,Condo,1055209.52
Lakeview,2342,2,1,1,6,2,1,0,5.27,0.76,Villa,907583.31
Suburban,1105,4,2,3,0,1,0,1,9.68,0.48,Condo,892701.43
Old Town,2358,5,3,3,37,0,1,0,7.06,0.49,Apartment,997888.85
Riverside,3350,3,1,1,17,2,0,1,7.25,0.61,Apartment,1071137.07
Downtown,2452,5,1,3,26,2,1,1,7.28,1.16,Townhouse,1098826.51
Downtown,2910,3,1,2,5,2,0,1,6.83,0.74,Condo,1084336.23
Riverside,2201,3,1,3,9,2,1,1,8.37,0.27,Apartment,990585.91
Downtown,2060,5,2,1,21,1,1,0,5.07,1.15,Apartment,871616.13
Downtown,2310,4,3,3,8,1,0,0,9.37,1.01,Villa,1124939.83
Riverside,1651,5,1,2,24,2,0,1,5.51,1.43,Apartment,836880.45
Suburban,1570,4,3,1,36,2,1,0,10.0,0.82,Condo,820261.28
Old Town,2796,4,3,2,12,0,1,0,8.14,1.0,Townhouse,1063614.97
Downtown,2855,2,3,3,24,1,1,0,5.33,0.75,Townhouse,1068059.47
Riverside,1555,2,3,3,36,1,1,0,7.81,1.04,Villa,827919.13
Old Town,2632,5,1,1,35,2,0,0,6.66,0.68,Townhouse,957215.2
Lakeview,2052,4,2,3,0,2,0,1,9.77,0.25,Townhouse,1103661.57
Hillview,2287,2,3,2,4,0,0,0,8.78,1.48,Townhouse,959968.33
Lakeview,2353,2,3,1,39,2,0,0,7.54,1.09,Villa,1003546.89
Riverside,2647,4,2,2,37,1,0,0,7.15,0.93,Townhouse,981609.1
Old Town,2145,1,3,3,12,0,1,1,9.98,0.75,Townhouse,951706.65
Riverside,2876,1,3,1,20,1,0,0,8.34,1.08,Townhouse,1000288.91
Lakeview,2270,4,1,1,22,0,0,1,7.57,0.23,Condo,913162.05
Lakeview,2443,2,3,1,26,2,1,1,6.99,0.52,Villa,1039413.51
Lakeview,1642,4,1,2,30,2,1,1,6.62,0.23,Condo,924634.81
Uptown,3287,3,2,1,14,2,0,1,8.53,0.23,Apartment,1137078.03
Old Town,2358,5,1,3,35,1,1,1,7.94,0.08,Villa,1057549.82
Old Town,2492,3,3,1,2,1,1,1,9.24,1.15,Villa,1053621.18
Lakeview,1215,5,1,1,1,1,1,1,7.77,0.38,Condo,786901.32
Suburban,1648,5,2,1,38,2,1,0,7.91,1.26,Apartment,837223.68
Riverside,2781,2,3,3,7,0,1,1,7.39,1.36,Apartment,1042158.81
Lakeview,2258,5,3,3,39,2,0,1,8.81,0.29,Villa,1231103.18
Riverside,1047,4,1,1,11,1,1,1,7.07,1.08,Condo,684270.88
Suburban,2671,1,3,2,14,1,1,0,9.26,0.72,Villa,1053572.8
Old Town,1801,1,2,3,1,2,1,0,6.64,1.38,Townhouse,826604.7
Riverside,2876,2,3,3,37,0,1,0,8.46,0.75,Apartment,1054405.89
Lakeview,2052,1,2,1,14,0,1,0,9.46,0.6,Condo,876577.11
Lakeview,2213,2,1,3,6,0,1,1,8.85,0.48,Condo,974279.38
Riverside,2748,5,1,3,19,2,0,1,6.71,1.36,Apartment,1042558.54
Old Town,1606,3,1,3,6,0,0,0,8.53,0.38,Townhouse,865385.07
Lakeview,1554,1,3,2,31,1,0,1,6.03,1.25,Apartment,744748.62
Uptown,1992,3,3,2,2,0,1,0,5.29,0.33,Townhouse,928612.1
Suburban,2555,2,2,3,19,2,1,0,8.96,0.98,Townhouse,1049044.89
Hillview,1368,5,3,3,15,2,0,1,9.04,0.7,Condo,1004093.36
Hillview,1183,1,1,2,1,1,0,0,5.11,0.2,Apartment,698699.74
Hillview,2553,4,3,3,2,0,0,1,9.74,0.23,Villa,1233610.77
Downtown,1768,3,1,2,20,1,0,1,7.23,0.46,Townhouse,844519.35
Riverside,1884,1,1,3,15,2,0,1,9.53,1.16,Villa,930577.11
Uptown,1079,4,3,1,5,2,0,1,8.94,1.11,Townhouse,823033.54
Suburban,1727,3,2,3,5,1,0,0,9.5,0.35,Apartment,903107.73
Riverside,2096,4,1,2,32,1,1,1,9.17,0.74,Apartment,910193.83
Riverside,2612,4,3,2,29,1,1,0,9.87,0.19,Townhouse,1166740.25
Suburban,1676,4,1,1,24,0,1,0,8.15,1.09,Townhouse,755067.22
Suburban,3012,3,3,2,33,0,0,1,6.14,1.2,Apartment,982730.09
Riverside,1723,1,1,1,2,2,1,0,6.95,1.35,Condo,737281.39
Lakeview,1724,1,1,3,27,1,1,0,8.76,1.33,Condo,793240.15
Downtown,2946,3,1,3,30,2,1,0,5.78,0.54,Apartment,1098671.96
Suburban,2216,2,2,2,8,1,0,0,9.65,0.42,Villa,1017858.89
Downtown,1796,4,1,3,21,1,1,1,6.03,1.35,Townhouse,938588.35
Old Town,2015,3,1,3,30,1,1,0,9.38,0.26,Villa,989188.79
Suburban,2844,5,3,1,24,2,1,0,7.42,0.14,Villa,1157850.86
Uptown,2906,1,2,1,9,0,0,1,9.2,0.51,Townhouse,1055158.51
Hillview,1651,2,2,1,26,1,1,0,9.79,1.15,Condo,785134.76
Uptown,2077,4,1,1,30,2,1,1,7.11,1.06,Villa,917774.59
Hillview,2150,1,1,2,0,0,0,0,8.48,1.48,Apartment,824793.88
Old Town,1558,2,1,2,22,0,1,0,6.13,0.57,Townhouse,716062.04
Lakeview,2069,4,3,2,20,0,1,1,9.0,0.45,Townhouse,1025023.04
Old Town,2103,3,1,1,14,1,0,1,9.1,0.6,Townhouse,837688.46
Lakeview,2727,4,1,3,1,0,1,0,6.48,1.18,Townhouse,1078973.45
Lakeview,2764,3,3,3,3,1,1,0,5.12,0.36,Condo,1148858.26
Hillview,1919,5,2,2,30,0,0,1,7.16,1.42,Townhouse,887242.99
Hillview,1982,5,3,1,33,0,0,1,5.85,0.79,Townhouse,912320.45
Suburban,2465,5,2,2,16,0,1,1,9.09,1.19,Villa,1092909.98
Uptown,1778,1,3,3,37,2,1,0,6.31,1.25,Villa,934851.54
Hillview,2424,3,3,3,37,1,0,1,9.72,0.74,Villa,1160552.32
Lakeview,2052,1,2,1,26,0,1,0,9.86,1.12,Villa,877295.06
Suburban,1567,2,3,3,23,1,0,0,9.54,0.58,Townhouse,935450.59
Uptown,1574,2,2,3,38,2,0,0,8.0,1.23,Townhouse,854905.1
Old Town,2896,4,3,2,24,2,1,0,6.34,1.24,Condo,1075188.87
Suburban,2014,3,2,2,37,2,0,1,9.04,0.87,Villa,1006077.04
Suburban,3002,5,3,2,39,1,1,0,8.51,0.37,Townhouse,1180841.7
Old Town,1818,2,2,1,7,1,0,1,9.89,1.46,Villa,811312.72
Riverside,2260,4,2,2,26,0,1,1,6.89,1.42,Villa,914624.43
Downtown,3416,4,2,1,29,0,1,1,5.29,0.95,Apartment,1041439.26
Riverside,1518,5,3,1,32,2,0,1,9.99,1.48,Villa,937177.48
Hillview,1056,2,3,2,13,0,1,0,9.19,0.78,Townhouse,793199.65
Riverside,2808,4,3,2,34,2,0,1,6.11,0.59,Apartment,1129417.05
Lakeview,1645,1,3,3,19,2,0,0,8.63,0.72,Apartment,934976.41
Uptown,2089,3,1,2,15,2,0,0,5.0,0.12,Villa,927033.97
Old Town,1778,3,3,3,6,1,0,0,7.79,0.85,Condo,871306.45
Lakeview,2247,5,3,3,12,2,0,1,6.81,1.02,Apartment,1144970.93
Old Town,1577,4,1,2,38,0,0,0,6.91,0.21,Apartment,711908.47
Downtown,2001,5,3,3,28,2,1,1,6.22,0.42,Villa,1062526.51
Downtown,2347,5,2,2,29,1,1,0,6.37,1.1,Villa,1010616.52
Lakeview,1545,3,1,2,35,2,1,1,7.27,1.2,Condo,792606.55
Lakeview,1715,4,1,1,10,0,0,1,6.24,1.48,Apartment,739659.06
Uptown,1909,1,2,1,26,2,0,1,7.33,0.42,Villa,875374.8
Downtown,1314,3,1,2,14,1,0,1,7.89,1.27,Villa,767090.55
Riverside,1868,1,3,1,33,0,1,1,8.56,0.3,Apartment,783649.4
Downtown,2165,4,3,2,16,1,1,1,8.39,0.24,Villa,1074097.0
Downtown,1880,5,3,1,34,0,0,0,6.21,1.11,Villa,843467.77
Suburban,1951,4,2,1,29,0,0,0,5.2,0.7,Townhouse,733179.49
Hillview,2089,5,2,2,30,1,0,1,9.16,1.2,Condo,982150.89
Downtown,1739,2,3,2,37,2,1,0,9.36,0.46,Apartment,881052.54
Lakeview,2480,5,3,3,31,0,0,1,9.89,0.36,Villa,1236264.6
Old Town,2890,3,1,3,12,0,0,1,9.8,0.85,Villa,1112820.0
Suburban,1845,4,2,3,20,1,1,1,8.17,0.22,Condo,994567.88
Old Town,2367,4,3,1,18,1,0,0,9.47,0.45,Apartment,1011027.58
Uptown,1968,4,3,2,2,0,1,0,7.24,0.29,Villa,1028973.13
Riverside,2301,2,3,1,23,1,1,1,8.94,0.51,Villa,1005219.68
Downtown,2961,4,1,1,17,1,1,0,9.78,1.16,Villa,1113288.43
Downtown,2380,4,2,1,15,2,0,1,8.98,0.23,Condo,1045464.72
Uptown,1125,5,1,2,4,0,1,0,7.08,0.94,Townhouse,761954.98
Downtown,2350,3,3,1,20,1,0,0,6.89,0.9,Villa,960066.85
Hillview,2778,3,2,2,23,0,1,0,6.46,0.83,Condo,973898.25
Riverside,1978,3,1,1,4,2,1,0,6.84,0.75,Condo,851012.99
Uptown,2648,1,1,2,25,2,1,1,9.1,1.01,Apartment,992457.63
Downtown,1720,1,3,2,6,1,1,1,8.51,1.29,Villa,943237.97
Lakeview,1283,1,3,1,5,1,1,0,6.25,0.28,Villa,810618.4
Hillview,2178,4,3,1,16,2,1,1,8.56,1.23,Villa,1043191.21
Old Town,1134,3,3,3,15,0,0,0,6.9,0.14,Villa,834687.28
Suburban,1968,5,3,3,36,0,0,1,7.79,0.75,Condo,893821.45
Lakeview,2808,4,3,1,2,0,0,1,6.85,0.79,Condo,1115695.64
Riverside,1050,1,3,3,13,2,0,1,7.61,0.34,Apartment,759538.87
Old Town,1396,1,3,1,29,0,1,1,8.65,0.18,Condo,713657.8
Riverside,1532,2,2,3,9,0,0,1,8.66,0.16,Condo,868445.4
Suburban,2065,5,3,1,39,0,0,0,8.77,0.1,Villa,978392.92
Riverside,1899,1,3,2,29,2,1,0,6.96,0.88,Villa,882802.58
Suburban,2870,1,1,1,37,2,0,1,8.45,0.28,Apartment,882362.04
Downtown,2625,1,3,1,37,2,1,1,6.19,1.22,Villa,960917.8
Riverside,2372,3,2,2,4,0,1,1,7.39,1.35,Apartment,918480.94
Downtown,2180,5,1,1,18,1,1,1,7.92,0.47,Condo,889170.2
Riverside,2316,4,1,2,29,1,1,0,8.43,0.29,Apartment,951214.29
Lakeview,1626,3,1,1,0,1,1,0,9.56,0.64,Villa,868383.71
Suburban,2571,1,3,1,18,0,0,1,6.52,1.33,Villa,903607.13
Downtown,1488,2,3,3,27,1,0,0,9.23,0.63,Condo,870688.01
Downtown,2559,3,1,3,31,0,0,0,6.56,0.21,Condo,1011247.37
Old Town,2752,2,2,3,16,0,1,1,7.76,1.48,Condo,974755.53
Suburban,2216,4,2,1,34,0,1,0,9.14,0.77,Villa,927839.78
Old Town,2003,5,2,2,26,2,0,1,8.62,0.55,Villa,1006413.21
Downtown,2320,2,2,1,1,2,0,1,9.31,1.35,Townhouse,927018.3
Riverside,526,2,3,1,11,2,0,0,9.07,1.39,Villa,649162.17
Riverside,2266,1,2,2,37,1,0,1,6.38,0.77,Apartment,852115.34
Old Town,2038,4,2,2,0,1,1,1,9.96,0.49,Condo,1002489.75
Old Town,2072,3,2,2,4,1,0,1,9.68,0.75,Apartment,921428.31
Uptown,2489,2,2,1,13,0,1,1,7.15,0.37,Apartment,883201.1
Old Town,2059,2,3,3,39,2,0,0,5.24,0.74,Condo,882131.46
Uptown,1473,1,2,3,28,2,0,1,6.52,0.38,Townhouse,856227.16
Old Town,2022,3,3,1,5,0,1,1,9.18,0.95,Townhouse,913645.27
Suburban,2137,4,2,1,15,0,0,0,9.75,1.15,Apartment,849807.2
Suburban,2163,2,3,2,37,0,0,0,9.16,1.46,Villa,851630.63
Riverside,2189,1,3,2,8,1,1,0,6.98,1.27,Apartment,883564.0
Hillview,2672,3,3,3,23,0,0,0,5.28,0.17,Townhouse,1069931.43
Suburban,1503,4,2,2,18,0,0,0,7.59,0.36,Townhouse,835132.09
Lakeview,2197,2,2,1,30,1,0,1,6.88,0.82,Villa,915978.33
Old Town,2809,2,2,1,30,0,1,1,5.61,0.42,Townhouse,894883.33
Lakeview,1146,1,2,1,33,0,1,1,5.53,0.07,Condo,644911.36
Hillview,2199,4,3,2,4,0,1,1,5.77,1.14,Townhouse,971896.72
Riverside,1778,5,3,1,18,2,0,0,6.03,0.57,Apartment,850111.61
Suburban,1896,4,3,3,27,1,0,0,8.77,0.15,Townhouse,997832.62
Uptown,1602,3,3,3,16,0,0,1,6.91,0.79,Apartment,854749.84
Riverside,2007,4,3,1,26,1,0,1,7.18,1.47,Villa,899132.61
Suburban,3113,2,2,3,25,0,1,1,7.99,1.03,Condo,1119429.03
Lakeview,1405,1,1,2,14,1,0,0,9.8,0.28,Villa,868965.84
Old Town,1457,2,2,1,4,1,1,0,8.78,0.8,Condo,730760.95
Downtown,1384,4,3,2,38,2,1,1,8.23,1.36,Apartment,889511.93
Old Town,3050,4,3,2,33,1,1,0,8.72,0.13,Condo,1111977.6
Old Town,1846,5,2,1,35,2,0,0,8.6,0.97,Villa,950741.0
Lakeview,2086,5,3,3,11,0,0,0,8.45,1.1,Apartment,1030767.44
Hillview,1878,2,1,1,12,0,1,1,7.48,1.07,Villa,872535.15
Suburban,1581,1,2,1,12,1,1,0,7.83,0.27,Apartment,767965.08
Suburban,1971,2,3,1,1,0,0,1,7.31,1.37,Townhouse,766149.25
Hillview,3452,5,2,1,6,1,0,0,6.97,0.52,Apartment,1214437.3
Downtown,2866,5,3,1,12,1,1,1,6.35,0.13,Apartment,1103182.27
Riverside,1631,1,2,2,39,2,1,0,6.78,0.17,Townhouse,779380.79
Downtown,2456,1,2,2,8,1,0,0,7.14,0.71,Apartment,928995.95
Downtown,1643,3,2,1,20,2,1,0,7.9,0.11,Villa,867142.12
Lakeview,1123,4,3,3,21,1,0,0,7.5,1.18,Townhouse,874289.93
Downtown,2661,5,1,3,14,1,1,1,5.54,1.31,Villa,1071060.14
Downtown,2738,4,1,3,36,0,1,0,6.7,0.07,Apartment,1031266.98
Lakeview,2675,2,2,2,3,2,0,1,6.88,1.22,Apartment,1072084.06
Suburban,1842,1,1,3,34,2,1,1,8.53,1.47,Condo,832222.95
Uptown,2008,4,2,2,29,0,0,0,6.66,0.09,Condo,883245.21
Downtown,2512,3,2,2,12,0,0,0,5.04,1.1,Villa,956095.28
Suburban,2315,5,1,1,30,0,1,1,5.42,1.5,Condo,765937.99
Downtown,1883,3,2,3,17,1,0,1,7.48,1.21,Apartment,886768.48
Hillview,1210,3,2,1,38,1,1,1,5.94,0.78,Apartment,672043.25
Hillview,2163,2,3,2,1,0,1,1,7.47,1.33,Condo,960011.26
Old Town,2693,1,1,3,1,0,1,1,7.87,1.08,Townhouse,976884.97
Suburban,1441,5,3,1,21,1,0,0,9.67,0.47,Townhouse,874159.16
Downtown,2451,5,2,2,37,1,0,1,8.28,0.38,Villa,1093495.44
Old Town,2282,1,3,1,2,1,0,0,5.16,0.79,Condo,777257.51
Suburban,2513,4,1,2,31,0,1,1,6.9,0.59,Townhouse,978742.92
Hillview,2580,2,1,2,37,2,0,0,8.97,0.53,Villa,1026755.16
Hillview,1718,3,2,1,19,2,1,0,6.3,0.31,Villa,897515.97
Uptown,1211,5,2,3,34,0,0,1,9.62,1.28,Villa,892577.38
Old Town,1807,5,2,2,30,0,0,1,7.65,1.07,Townhouse,859534.83
Downtown,2589,1,1,2,8,1,1,1,5.46,0.53,Townhouse,921282.83
Suburban,1802,2,2,3,34,1,1,1,6.21,0.39,Condo,868476.93
Uptown,1718,5,3,1,27,0,1,0,9.53,0.24,Villa,997296.95
Old Town,1098,5,3,2,0,0,0,0,9.96,0.21,Villa,902223.08
Hillview,3064,1,1,3,22,2,1,1,9.32,0.96,Townhouse,1165060.63
Old Town,2554,5,2,2,26,1,1,0,6.6,0.21,Townhouse,1007241.87
Suburban,2523,3,2,1,32,0,1,0,8.84,1.44,Villa,986492.79
Lakeview,2632,3,2,1,30,1,1,1,6.11,0.45,Apartment,950169.39
Uptown,2417,1,3,3,19,0,0,0,6.92,0.09,Villa,1055090.74
Lakeview,1966,4,2,3,11,0,0,0,8.49,1.29,Apartment,964199.62
Uptown,2010,4,3,3,7,2,1,1,9.84,0.58,Apartment,1120436.56
Riverside,1865,4,3,1,3,0,0,0,7.2,0.55,Condo,853729.07
Suburban,3549,4,1,3,25,0,0,1,7.48,0.22,Condo,1167864.62
Suburban,2406,5,3,2,38,2,0,0,6.1,1.01,Apartment,982756.39
Lakeview,1845,5,1,3,3,0,0,0,7.02,0.57,Villa,1000020.61
Old Town,2356,4,2,3,28,1,0,0,5.32,1.24,Villa,1021221.33
Old Town,1544,5,2,1,23,2,1,1,9.29,0.96,Condo,871490.56
Lakeview,2927,4,2,3,6,2,1,1,5.12,1.33,Villa,1219757.07
Hillview,1736,4,2,2,8,2,0,1,8.42,0.95,Villa,1016668.97
Lakeview,2376,3,1,3,11,1,0,0,6.37,1.18,Townhouse,1032668.44
Lakeview,2686,4,1,3,27,2,0,1,7.38,1.06,Villa,1127019.34
Downtown,2312,1,3,1,11,0,1,0,6.41,0.72,Apartment,833791.68
Riverside,2152,3,3,3,33,0,0,1,7.0,1.05,Villa,930081.53
Uptown,2106,3,3,1,14,0,0,1,7.73,1.01,Apartment,896449.35
Uptown,2069,5,2,1,4,1,1,0,8.2,0.06,Townhouse,1021424.34
Suburban,1783,1,3,1,3,2,1,0,9.7,1.06,Condo,813050.0
Riverside,1853,4,2,1,16,2,0,0,6.66,0.43,Condo,885217.0
Old Town,2914,1,1,3,16,2,1,1,7.92,0.84,Villa,1067148.0
Uptown,2040,5,1,1,29,0,1,1,9.51,0.21,Villa,965638.3
Downtown,1668,5,1,2,19,2,0,0,6.45,0.08,Apartment,875229.15
Hillview,1816,2,2,2,6,2,1,1,9.33,0.07,Villa,1071334.91
Riverside,2705,5,3,3,8,1,0,1,9.79,0.28,Apartment,1197445.05
Suburban,2472,3,1,2,22,0,1,0,9.24,0.08,Townhouse,974441.18
Old Town,2408,5,2,2,13,0,0,1,7.85,0.24,Condo,1012610.94
Riverside,1958,4,1,3,26,2,0,0,8.61,0.86,Apartment,949251.75
Hillview,2415,1,2,2,36,0,1,0,7.41,0.63,Townhouse,926635.03
Riverside,1746,2,2,3,14,1,1,0,7.99,1.47,Townhouse,881517.51
Uptown,1957,3,1,3,22,2,0,0,9.87,1.22,Villa,990591.93
Downtown,2633,2,2,3,33,1,0,0,6.26,0.26,Townhouse,1059334.49
Lakeview,2581,1,1,1,8,0,1,0,8.96,0.65,Townhouse,932401.27
Downtown,1560,5,3,1,20,1,1,0,7.53,0.67,Villa,897503.79
Uptown,1629,5,3,2,12,0,1,1,5.88,0.58,Condo,930910.64
Riverside,2160,3,3,2,25,0,1,0,8.22,0.77,Townhouse,922635.83
Riverside,3049,2,3,1,29,2,0,1,8.96,1.02,Villa,1126426.95
Downtown,1046,1,1,2,5,1,0,0,7.84,0.98,Townhouse,643809.13
Hillview,2253,5,3,1,7,2,1,0,9.19,0.57,Townhouse,1162120.9
Suburban,1343,2,1,1,0,2,1,1,6.83,1.07,Apartment,736256.36
Hillview,1751,1,3,3,0,1,0,0,9.57,0.47,Apartment,954023.98
Uptown,1900,2,3,1,2,1,1,1,8.24,1.26,Villa,940996.43
Uptown,1869,3,3,3,28,0,0,1,9.02,1.45,Apartment,927350.0
Hillview,1806,4,3,2,36,1,0,0,6.36,0.48,Villa,935165.01
Riverside,2104,2,3,3,16,2,0,1,7.23,1.19,Villa,1021510.79
Uptown,1806,5,3,1,35,0,0,0,9.55,1.23,Condo,869864.96
Uptown,1296,4,1,3,29,0,0,1,5.25,0.76,Apartment,699063.31
Riverside,2529,5,1,2,32,2,1,0,7.02,0.18,Townhouse,1046595.58
Downtown,2514,2,3,3,29,2,0,0,8.9,1.19,Townhouse,1075062.68
Lakeview,2564,4,1,1,7,1,1,1,8.72,0.64,Villa,1091725.01
Suburban,1253,2,2,3,20,2,1,0,9.26,0.35,Condo,829802.06
Hillview,2264,4,1,1,21,0,1,1,8.7,0.96,Villa,952911.52
Suburban,2472,4,2,2,25,1,0,1,9.74,0.68,Villa,1095432.75
Downtown,1533,2,3,1,31,2,0,1,7.49,0.18,Apartment,820668.36
Uptown,2105,5,3,3,4,1,0,0,8.12,1.48,Villa,1130201.18
Suburban,2036,5,2,2,26,1,1,1,9.24,0.4,Apartment,989448.24
Hillview,3113,5,2,3,33,0,0,0,8.51,0.79,Condo,1174399.84
Hillview,3158,2,2,2,4,1,1,0,5.51,1.02,Apartment,1074459.21
Downtown,1185,4,2,1,16,1,1,0,6.83,0.22,Condo,689384.67
Suburban,3472,1,2,2,35,2,1,0,7.76,1.12,Apartment,1123952.0
Uptown,1597,1,3,2,0,0,0,0,8.77,0.99,Villa,868119.5
Old Town,2639,5,1,1,6,1,0,0,7.72,0.77,Apartment,996031.4
Downtown,2634,1,2,3,32,1,1,1,8.89,0.82,Villa,1060986.37
Lakeview,1552,5,2,3,6,2,0,0,9.19,1.43,Townhouse,974818.87
Suburban,2371,3,2,2,28,0,0,0,6.33,1.37,Villa,892125.83
Downtown,2041,2,1,2,36,2,1,0,8.08,0.21,Townhouse,913443.37
Lakeview,2405,1,1,3,19,2,1,1,7.79,0.58,Condo,1031156.12
Downtown,2227,4,2,3,19,1,0,1,6.14,0.8,Apartment,987505.66
Old Town,2758,4,3,1,17,1,0,0,7.45,1.38,Villa,997137.07
Lakeview,2141,3,3,2,14,0,0,0,7.74,1.23,Townhouse,917046.11
Hillview,2008,5,3,3,15,0,0,1,9.09,0.61,Townhouse,1096918.76
Hillview,2703,2,3,3,22,0,1,1,7.3,1.34,Apartment,1017475.2
Riverside,2419,3,2,2,35,0,1,1,5.4,0.6,Apartment,850994.84
Downtown,2502,2,1,3,39,1,0,0,7.44,0.44,Villa,991244.21
Hillview,1734,3,2,2,34,0,0,0,9.19,0.93,Townhouse,866686.47
Lakeview,1525,1,3,2,4,0,0,0,7.86,0.57,Condo,863793.98
Downtown,1788,3,2,2,12,2,0,0,6.59,0.95,Villa,929721.48
Lakeview,1759,3,3,3,30,0,0,1,9.6,0.64,Townhouse,1029850.44
Riverside,2532,3,1,3,21,0,0,1,5.78,1.2,Villa,982501.54
Old Town,2637,3,1,1,13,1,1,0,6.63,1.43,Apartment,852631.34
Suburban,2015,4,1,1,12,2,1,1,7.19,0.44,Villa,987144.76
Hillview,2887,3,1,2,4,2,1,0,8.69,0.79,Villa,1126988.61
Suburban,2853,2,2,3,13,0,1,1,9.18,1.1,Apartment,1042209.24
Suburban,2234,2,2,2,16,0,0,0,5.29,0.28,Townhouse,831140.51
Uptown,1648,4,2,2,16,2,1,1,8.96,1.2,Villa,1000978.93
Downtown,2966,5,1,1,21,2,0,1,8.6,0.9,Apartment,1060210.58
Old Town,2066,4,2,1,10,1,1,0,9.47,0.27,Villa,979565.74
Hillview,2169,4,1,3,8,2,1,0,9.5,1.31,Condo,1061911.25
Downtown,1913,5,2,2,35,2,1,1,8.89,0.67,Townhouse,1029673.69
Riverside,1611,5,1,3,16,2,0,1,5.95,0.31,Villa,973260.58
Riverside,1292,3,1,1,10,2,1,0,6.57,0.33,Condo,749217.99
Hillview,2448,1,1,1,25,2,1,1,9.68,1.19,Apartment,922409.76
Lakeview,1669,4,1,3,21,0,0,0,7.99,1.41,Villa,911873.95
Uptown,3783,4,2,3,23,2,1,1,7.69,0.6,Townhouse,1352726.27
Suburban,1503,2,2,3,8,2,0,1,9.58,0.16,Villa,937020.12
Downtown,1408,5,2,1,28,0,0,0,9.37,0.2,Townhouse,865360.72
Downtown,2381,5,2,3,7,0,1,0,8.64,1.0,Townhouse,1061677.03
Hillview,2941,2,1,2,33,1,0,1,9.41,0.59,Villa,1127412.8
Suburban,2136,3,1,3,16,0,0,1,5.57,0.67,Condo,868156.07
Suburban,2415,1,3,3,16,2,0,0,8.79,0.54,Condo,1053074.52
Uptown,1086,1,3,2,15,1,0,1,9.83,0.73,Villa,788424.98
Lakeview,1727,2,1,1,16,1,1,1,5.24,0.98,Condo,761540.17
Uptown,1510,2,1,3,26,2,1,0,6.12,0.83,Townhouse,813349.2
Suburban,1058,2,1,2,19,2,0,1,8.97,0.29,Apartment,700442.27
Hillview,2164,1,1,2,5,2,0,0,7.6,0.76,Apartment,883849.56
Hillview,866,3,1,2,22,2,1,0,5.43,0.72,Apartment,683199.27
Suburban,1373,4,2,3,10,2,1,0,6.34,0.84,Apartment,850621.01
Old Town,1805,2,3,1,4,0,1,0,6.62,0.21,Villa,814901.91
Old Town,1643,3,3,3,33,2,1,0,6.61,0.27,Apartment,846062.31
Riverside,2318,2,3,2,12,0,1,1,9.39,0.82,Townhouse,970126.39
Uptown,2268,4,2,1,23,0,0,0,8.31,0.45,Villa,983665.75
Hillview,2592,4,2,1,6,1,1,1,8.67,0.96,Townhouse,1036416.44
Old Town,2514,5,2,2,13,0,1,0,5.07,0.59,Townhouse,949766.14
Uptown,2727,1,1,3,15,0,0,1,7.14,0.37,Villa,1108886.8
Uptown,2099,5,2,2,5,2,0,1,6.59,1.0,Townhouse,1030109.02
Old Town,2267,2,1,1,38,1,1,0,9.26,0.62,Condo,831416.23
Suburban,2381,1,2,2,12,2,1,0,9.77,0.28,Villa,1004854.12
Uptown,2178,4,1,1,23,2,1,1,7.12,1.22,Villa,917357.46
Uptown,1882,1,3,1,22,1,0,0,9.87,0.68,Townhouse,890455.55
Lakeview,1917,1,3,3,17,1,0,1,5.07,1.38,Condo,868801.2
Suburban,1650,5,3,3,23,2,1,1,6.63,0.33,Townhouse,1024140.54
Riverside,2332,2,1,1,22,0,0,1,8.87,1.32,Condo,819538.33
Lakeview,2048,3,1,2,3,2,1,0,6.8,1.23,Apartment,998749.07
Old Town,1735,2,3,2,26,2,0,0,9.6,0.2,Apartment,865292.0
Lakeview,1736,1,3,2,4,0,0,1,6.09,0.82,Villa,883408.29
Downtown,1434,1,2,3,17,0,0,1,8.98,1.0,Apartment,765466.36
Downtown,2638,1,1,1,14,2,1,1,6.01,0.77,Apartment,922742.0
Uptown,2143,3,2,3,17,2,1,1,5.99,0.62,Apartment,1010852.81
Riverside,1625,3,2,2,2,2,0,0,7.23,1.42,Villa,845370.25
Old Town,2545,1,3,1,28,0,0,0,9.72,1.07,Condo,859667.88
Riverside,1792,2,2,3,16,2,0,1,7.93,1.45,Condo,922755.87
Riverside,1326,2,1,3,2,2,1,0,8.18,1.28,Villa,872472.73
Lakeview,2662,3,3,2,0,2,1,1,5.05,1.23,Condo,1046100.11
Downtown,1805,5,3,3,21,1,1,0,5.28,1.1,Condo,923150.76
Uptown,1875,4,1,1,26,1,0,0,5.33,0.99,Villa,853334.92
Lakeview,2123,5,1,2,21,1,0,0,9.1,1.34,Villa,1009660.55
Hillview,2728,1,1,2,28,0,0,1,6.18,0.94,Condo,905525.56
Riverside,2111,2,3,3,30,1,1,1,6.64,0.16,Villa,1043553.3
Suburban,1440,4,2,2,34,0,0,1,8.05,0.89,Villa,775995.96
Hillview,2399,2,2,3,39,0,0,0,7.92,0.2,Condo,956427.56
Old Town,1833,5,3,1,35,0,1,0,7.05,1.43,Townhouse,788147.52
Suburban,3138,3,1,2,31,1,0,1,5.02,0.99,Villa,1054055.59
Riverside,2099,2,1,1,17,0,1,1,7.25,0.86,Condo,805014.13
Lakeview,871,5,3,2,20,2,0,0,8.69,0.34,Townhouse,901474.16
Suburban,2297,3,2,1,24,2,1,0,6.18,0.8,Villa,912281.0
Suburban,3170,5,1,3,6,2,0,1,8.54,0.55,Villa,1303939.24
Hillview,2967,3,3,1,27,0,1,0,5.08,1.03,Apartment,968743.87
Suburban,3107,1,1,3,23,0,0,1,9.54,0.93,Apartment,1048209.2
Lakeview,1539,4,3,3,20,1,0,0,9.75,0.77,Condo,1006520.97
Lakeview,2602,1,3,2,33,2,0,1,5.01,0.42,Apartment,1035080.5
Lakeview,1703,4,3,3,27,0,1,1,7.29,0.81,Condo,954631.89
Lakeview,2223,3,2,3,37,2,0,1,7.07,0.72,Apartment,1007774.74
Suburban,1400,4,1,1,39,1,0,1,9.21,1.28,Townhouse,754076.88
Suburban,1746,5,3,3,33,2,0,0,7.7,1.35,Townhouse,987476.31
Riverside,1728,3,2,2,11,0,1,0,8.06,1.15,Condo,797955.64
Old Town,2594,5,2,3,7,1,1,1,6.01,0.51,Villa,1096194.16
Lakeview,2540,1,1,3,11,1,1,0,5.39,0.11,Condo,1013375.86
Uptown,2252,1,2,3,28,0,0,1,8.46,1.39,Villa,919816.82
Hillview,1357,5,2,2,34,2,1,1,8.1,1.49,Condo,824039.96
Lakeview,1929,3,1,1,35,2,1,0,9.16,0.23,Apartment,885012.62
Hillview,1690,3,3,1,27,1,1,0,9.22,1.04,Villa,908160.99
Riverside,2578,1,1,1,27,1,1,1,8.16,0.67,Townhouse,870541.2
Riverside,2748,2,3,3,38,1,0,0,7.69,0.27,Townhouse,1082586.61
Old Town,2681,4,3,2,27,1,1,0,9.57,1.5,Condo,1042241.75
Downtown,1685,5,2,2,5,1,0,0,9.01,1.4,Villa,937490.3
Uptown,593,5,1,2,20,2,1,1,9.41,1.47,Townhouse,796976.6
Hillview,1128,3,2,1,14,1,0,1,9.98,0.26,Townhouse,823184.03
Uptown,2882,3,2,2,25,0,1,0,7.02,0.76,Condo,1047972.23
Old Town,1879,1,2,2,25,1,1,1,8.58,1.35,Apartment,745414.68
Uptown,1687,1,1,3,11,2,1,1,8.44,1.03,Apartment,834438.95
Lakeview,3003,3,2,1,11,1,1,0,5.87,0.68,Townhouse,1068041.57
Old Town,2796,3,1,3,3,0,1,0,8.18,0.8,Apartment,1054651.44
Old Town,2113,1,2,1,11,2,0,0,7.14,0.11,Apartment,786291.61
Downtown,1939,3,2,2,33,2,1,0,7.25,0.94,Townhouse,905404.42
Uptown,2027,4,2,2,26,0,1,0,5.9,1.3,Villa,863782.59
Lakeview,2225,5,3,3,37,2,0,0,8.72,0.05,Villa,1176534.44
Hillview,2980,5,3,2,37,2,1,1,8.49,0.28,Villa,1293427.78
Lakeview,2332,2,3,1,34,2,1,1,7.66,0.8,Townhouse,979844.72
Lakeview,2499,2,3,2,7,1,1,1,5.78,0.86,Villa,1031981.9
Uptown,2743,5,3,2,13,2,1,0,7.78,0.55,Condo,1139542.06
Old Town,1457,4,1,2,2,2,0,0,5.5,0.09,Apartment,719109.8
Downtown,2515,2,1,1,3,2,0,1,6.7,1.13,Apartment,911814.6
Downtown,1938,4,2,1,9,1,0,0,6.86,0.4,Apartment,873179.53
Suburban,716,1,2,2,11,0,1,1,9.42,0.98,Condo,627693.84
Old Town,930,3,3,1,0,0,1,1,7.08,0.86,Villa,670870.61
Uptown,1540,2,1,2,33,2,1,1,7.99,0.67,Apartment,826748.78
Old Town,2392,5,1,1,21,1,0,0,9.37,0.91,Villa,979029.47
Downtown,2163,1,3,3,26,2,1,0,7.13,1.06,Townhouse,971522.36
Suburban,2201,5,3,1,26,1,0,0,9.42,0.88,Villa,996259.28
Lakeview,3173,2,1,2,38,1,0,1,5.68,0.86,Villa,1055512.11
Lakeview,1402,1,1,3,5,0,1,0,6.82,0.68,Apartment,758364.05
Riverside,2085,4,2,2,13,1,0,1,5.47,0.67,Townhouse,958731.2
Uptown,2267,4,2,1,12,1,1,1,7.8,0.76,Apartment,986706.42
Uptown,1695,1,1,1,22,0,0,0,9.79,0.71,Apartment,710694.74
Lakeview,2116,1,2,2,21,0,0,0,8.28,0.69,Townhouse,903145.54
Lakeview,1220,1,3,1,31,1,1,0,8.13,0.36,Condo,704064.25
Hillview,2875,3,3,3,22,0,1,0,6.39,1.1,Townhouse,1122151.68
Riverside,1725,1,3,3,9,2,1,1,9.66,0.24,Condo,961528.57
Hillview,3217,4,2,3,22,1,0,1,7.36,1.37,Villa,1251316.39
Riverside,2082,1,3,3,38,1,1,0,6.34,0.96,Townhouse,961786.8
Riverside,2665,4,1,2,23,0,1,1,9.94,0.12,Villa,1088849.69
Hillview,2071,5,1,1,23,1,0,0,7.12,1.01,Townhouse,958250.08
Old Town,2083,4,1,2,7,1,0,0,6.86,0.57,Condo,872205.89
Hillview,1779,5,3,1,0,1,0,0,5.17,1.4,Townhouse,850879.36
Riverside,2166,5,2,3,8,0,1,0,5.89,1.41,Apartment,910793.6
Riverside,2275,1,1,2,1,0,1,1,9.05,1.28,Townhouse,946223.89
Downtown,1669,2,3,2,18,2,1,1,7.41,0.87,Villa,944544.72
Hillview,2031,4,1,3,35,2,1,1,9.77,1.38,Townhouse,1015626.18
Hillview,1764,2,2,2,17,2,0,0,5.42,0.99,Townhouse,828833.48
Lakeview,3365,4,1,2,25,0,1,1,8.08,1.32,Townhouse,1167269.39
Old Town,2051,4,1,1,34,1,1,1,8.6,0.28,Condo,849961.98
Old Town,2950,5,1,1,30,0,0,1,8.11,1.36,Condo,959447.48
Downtown,1992,2,1,1,26,2,1,1,7.65,1.01,Condo,864300.27
Suburban,2243,2,2,2,31,0,0,0,7.89,0.49,Townhouse,838540.73
Riverside,1373,1,1,3,11,1,1,0,8.45,1.5,Villa,795055.76
Riverside,1854,2,1,1,16,2,1,0,9.32,1.05,Apartment,796097.56
Riverside,2216,2,2,2,15,2,1,0,6.68,1.37,Condo,873203.87
Riverside,2972,3,2,1,31,2,1,0,7.3,0.06,Condo,1072164.35
Uptown,2222,3,2,1,16,1,1,0,8.18,0.85,Apartment,867824.36
Downtown,2861,5,2,1,37,0,0,0,6.57,1.08,Apartment,896619.17
Riverside,2452,4,3,2,7,0,0,0,5.89,0.07,Townhouse,1014573.33
Suburban,2995,4,3,2,6,0,1,0,9.83,1.16,Apartment,1110645.51
Riverside,2068,1,1,2,28,0,0,0,5.97,0.99,Apartment,678618.82
Hillview,3415,3,3,2,30,1,1,1,6.16,0.45,Condo,1151136.19
Downtown,1833,4,2,2,27,0,0,0,8.09,1.05,Apartment,884605.83
Riverside,1678,2,2,1,12,0,1,0,5.39,0.24,Apartment,712415.37
Downtown,1434,3,3,3,0,1,1,1,5.17,1.24,Condo,850411.14
Lakeview,3382,4,1,2,12,2,0,0,5.32,1.31,Apartment,1176241.12
Uptown,2551,4,2,1,18,2,1,1,5.62,0.75,Condo,1019531.56
Suburban,1916,5,3,2,16,0,0,0,7.15,0.79,Townhouse,953311.92
Suburban,2787,3,3,2,36,2,0,0,9.15,0.63,Townhouse,1062761.15
Downtown,2478,2,1,3,34,1,1,0,6.71,0.55,Condo,916005.19
Old Town,3181,2,2,1,31,1,0,0,7.14,1.32,Apartment,944806.88
Uptown,1249,4,1,3,0,1,1,0,8.0,0.49,Apartment,859582.48
Hillview,1954,3,1,2,5,2,1,1,6.51,0.63,Apartment,948961.55
Lakeview,1846,3,1,1,17,1,1,0,7.16,0.48,Villa,832110.28
Riverside,1014,1,2,2,24,0,1,1,6.93,1.0,Condo,632909.94
Suburban,2683,3,3,3,27,1,1,0,6.71,1.23,Apartment,1042271.72
Old Town,1951,2,2,1,11,0,0,1,6.94,0.29,Villa,838584.3
Suburban,2507,3,2,3,4,0,0,1,5.06,0.42,Villa,1005692.64
Lakeview,3398,5,3,3,13,0,0,1,9.43,0.2,Apartment,1363605.38
Suburban,1906,4,2,3,31,0,0,1,9.89,0.28,Villa,984088.57
Old Town,1868,3,3,1,39,1,0,1,9.31,0.64,Apartment,823716.35
Old Town,2165,5,2,2,37,0,0,1,5.03,1.18,Apartment,793626.59
Downtown,2643,5,1,2,23,1,1,0,8.75,0.84,Townhouse,1047573.36
Old Town,1788,3,2,2,3,0,1,1,7.87,0.13,Condo,851415.94
Old Town,1753,4,2,3,38,0,1,0,5.47,0.96,Villa,818666.58
Suburban,2681,2,2,1,6,2,0,1,9.66,1.2,Townhouse,990610.21
Downtown,2308,5,3,2,10,0,1,0,8.88,0.62,Townhouse,1036750.07
Downtown,975,2,1,3,38,0,1,1,5.73,0.41,Condo,697127.39
Downtown,1426,2,2,3,20,1,0,0,9.82,1.16,Condo,820165.93
Old Town,2926,1,2,2,7,0,1,1,5.63,0.08,Condo,970929.14
Downtown,2321,5,1,3,20,0,1,0,7.27,1.23,Condo,925005.7
Lakeview,1681,2,2,2,3,0,1,1,5.79,1.22,Condo,833921.23
Suburban,2006,5,3,2,12,1,0,0,5.75,1.34,Condo,894259.02
Hillview,2107,1,2,2,38,2,1,0,9.84,0.18,Townhouse,965163.14
Hillview,2505,3,1,1,11,1,1,0,7.86,0.21,Villa,1002621.47
Old Town,1353,3,1,1,35,2,1,0,6.3,1.32,Villa,688475.25
Lakeview,1637,3,2,3,21,2,0,0,8.88,0.74,Townhouse,895632.61
Downtown,2250,1,3,1,26,2,0,0,9.38,0.62,Condo,903995.17
Suburban,2045,1,1,2,28,1,0,0,9.59,0.88,Condo,802122.9
Suburban,2415,2,1,2,22,1,1,0,9.66,0.13,Townhouse,962034.72
Downtown,1424,3,3,2,1,1,0,1,9.53,0.98,Apartment,941152.8
Riverside,2296,4,1,2,36,2,0,1,8.19,1.42,Villa,970640.16
Riverside,2700,3,1,3,19,1,1,0,6.71,1.03,Townhouse,1038955.67
Uptown,2368,2,1,3,26,1,0,0,9.63,0.72,Villa,1080131.43
Riverside,2177,2,3,3,22,0,1,0,5.61,1.44,Villa,934825.35
Lakeview,2047,4,2,2,26,2,1,1,5.84,1.05,Villa,985214.6
Uptown,1641,3,1,3,14,1,0,1,7.17,0.13,Apartment,850667.81
Lakeview,2060,5,1,2,33,2,1,1,6.42,1.02,Villa,1021435.51
Downtown,2793,3,3,2,8,2,1,0,8.08,0.14,Villa,1237265.63
Lakeview,2035,3,3,3,26,0,1,0,9.53,0.5,Condo,1040349.08
Hillview,1611,1,1,3,23,1,1,0,7.46,0.94,Apartment,820816.2
Lakeview,1829,1,1,1,20,1,0,0,7.77,0.36,Villa,885018.68
Riverside,2210,5,1,3,0,0,1,1,7.12,0.11,Condo,1039734.36
Lakeview,1895,2,3,3,15,0,1,0,8.54,0.95,Villa,971384.18
Hillview,2367,3,1,3,1,1,1,0,5.5,0.46,Villa,1040736.52
Downtown,2388,3,1,3,20,0,1,0,5.24,0.82,Apartment,932095.38
Riverside,2589,1,2,3,27,1,1,0,8.21,0.43,Townhouse,1012400.51
Downtown,2883,3,2,1,20,2,1,1,7.67,1.05,Condo,1081982.64
Lakeview,2648,2,2,1,30,0,0,1,7.04,1.35,Villa,948766.58
Riverside,1586,1,3,1,14,0,0,1,6.67,0.18,Villa,787238.69
Suburban,1603,3,1,1,12,0,0,0,5.26,1.19,Townhouse,630971.47
Old Town,2058,3,2,1,17,2,1,1,8.4,0.28,Villa,953828.41
Riverside,1852,1,2,2,9,2,0,0,7.11,0.53,Villa,885871.19
Downtown,1474,3,1,1,32,2,1,1,7.23,0.57,Condo,714506.45
Uptown,1857,4,3,1,32,0,1,0,9.47,0.35,Villa,939220.17
Uptown,1839,2,2,2,16,1,1,1,8.69,0.16,Condo,890389.8
Uptown,1730,5,2,3,31,0,1,0,6.1,1.16,Villa,908622.28
Hillview,1926,4,3,1,1,1,0,1,8.29,1.2,Townhouse,938400.91
Riverside,2748,4,1,2,6,0,0,1,5.66,1.5,Villa,1011935.53
Old Town,2210,1,3,2,11,1,1,0,5.97,1.41,Townhouse,867185.0
Old Town,3459,4,3,3,15,2,0,1,8.57,0.68,Villa,1348827.35
Suburban,2194,2,1,1,9,2,0,0,5.63,0.24,Apartment,768428.77
Downtown,1940,4,3,3,20,0,1,0,6.4,0.07,Townhouse,982946.63
Suburban,2102,5,3,1,31,0,0,0,9.49,0.82,Condo,870480.19
Old Town,2241,2,2,1,18,0,1,1,8.69,1.3,Apartment,805897.67
Suburban,2339,2,2,1,17,0,0,1,9.65,0.44,Townhouse,925205.53
Downtown,3242,1,3,3,2,1,0,0,9.41,0.34,Townhouse,1254562.61
Uptown,1635,4,1,1,11,1,1,1,6.56,0.69,Townhouse,828521.12
Riverside,2572,4,1,3,32,2,1,1,8.16,1.35,Apartment,1071221.79
Hillview,2214,3,2,3,32,2,1,1,6.89,0.7,Apartment,1023413.91
Old Town,1236,1,3,3,4,2,0,0,8.49,1.1,Townhouse,796640.99
Uptown,2524,2,2,1,0,0,0,1,6.74,0.72,Townhouse,955161.51
Uptown,2797,3,1,1,33,0,1,1,5.01,0.59,Villa,971121.9
Riverside,1629,5,2,1,6,1,0,1,5.47,0.69,Villa,838715.71
Uptown,2095,1,1,3,22,2,0,1,8.86,1.16,Townhouse,957974.56
Riverside,1151,2,3,1,33,2,0,0,5.42,1.14,Villa,670022.17
Uptown,1408,4,2,2,31,1,1,1,8.0,0.68,Villa,840825.13
Riverside,2676,2,2,2,22,0,0,0,9.29,0.44,Townhouse,1011482.66
Downtown,1843,5,2,3,15,0,0,0,8.71,0.25,Condo,945576.95
Uptown,1490,5,3,2,30,0,1,1,7.07,0.05,Condo,903805.61
Downtown,2226,2,3,2,27,1,1,1,6.04,0.21,Apartment,899297.34
Uptown,1813,4,2,3,33,1,0,1,9.61,0.29,Villa,1028348.32
Downtown,1841,4,2,3,20,1,0,0,7.83,1.05,Apartment,906140.03
Suburban,2507,4,1,2,37,0,0,1,7.03,1.24,Condo,910903.12
Hillview,1461,1,2,2,30,1,0,1,9.71,1.12,Townhouse,796042.12
Lakeview,1602,1,2,2,2,0,1,0,6.08,1.1,Apartment,718685.73
Riverside,2185,2,2,3,11,1,0,1,7.21,1.49,Condo,927808.63
Downtown,2633,1,3,2,31,1,0,1,5.54,1.45,Townhouse,929115.66
Suburban,2781,2,3,2,4,0,0,0,5.62,0.44,Apartment,979344.01
Lakeview,1734,4,2,3,28,1,1,1,6.99,0.26,Apartment,937623.0
Uptown,2616,3,2,3,13,0,1,0,8.5,0.27,Condo,1088751.35
Downtown,1669,2,1,2,8,1,1,1,6.69,1.35,Villa,880359.17
Riverside,3104,1,2,1,21,1,1,1,8.45,0.2,Townhouse,1049538.03
Suburban,1476,2,3,1,37,1,1,0,9.03,0.54,Condo,751948.26
Suburban,2831,3,3,2,35,0,1,0,9.39,0.82,Villa,1042053.99
Uptown,1739,4,3,3,16,1,1,1,5.22,0.94,Apartment,906295.52
Hillview,3207,2,2,3,0,2,1,1,8.87,0.91,Apartment,1250753.02
Suburban,2425,2,3,3,35,1,0,1,5.74,1.19,Condo,924452.56
Hillview,1541,3,3,1,35,2,0,0,8.49,0.88,Townhouse,863340.82
Riverside,1813,1,2,2,24,2,1,1,6.86,1.28,Villa,861163.47
Downtown,2530,2,1,3,25,0,0,0,8.54,0.17,Apartment,939449.26
Old Town,2679,1,2,3,21,2,1,1,6.07,1.3,Townhouse,1008802.66
Suburban,2061,3,3,1,0,0,1,0,8.22,0.91,Apartment,825912.88
Suburban,2125,3,2,3,6,1,0,1,5.63,0.37,Apartment,911976.95
Lakeview,2517,3,3,1,5,2,0,1,5.85,1.47,Townhouse,1017997.12
Hillview,2172,4,3,1,36,2,1,1,8.07,1.41,Townhouse,1025935.58
Downtown,1389,2,1,3,1,1,0,0,6.68,1.28,Townhouse,742123.09
Uptown,1653,5,3,3,22,2,1,1,8.52,1.37,Condo,1018432.11
Hillview,2229,5,2,3,14,1,0,1,8.43,0.6,Villa,1147920.51
Lakeview,2769,1,3,2,0,0,1,0,8.11,0.38,Townhouse,1100854.0
Uptown,2989,5,2,2,36,0,0,1,8.65,0.32,Villa,1213620.76
Riverside,2529,1,2,2,0,2,1,0,8.97,1.32,Villa,1019718.12
Old Town,2258,2,1,2,34,2,1,1,9.56,1.25,Apartment,910136.23
Old Town,2512,3,1,2,31,2,0,0,5.4,1.47,Condo,878418.04
Uptown,1733,1,2,1,31,1,1,1,7.86,1.28,Townhouse,811338.98
Suburban,2016,2,2,3,6,0,1,1,8.74,0.97,Townhouse,944228.08
Riverside,1647,1,2,2,35,2,0,1,6.08,0.26,Apartment,770595.92
Suburban,1413,3,1,2,23,0,1,0,6.32,0.29,Apartment,671675.39
Riverside,2283,5,2,3,16,2,1,0,6.33,0.74,Condo,1004265.33
Suburban,2202,5,1,2,27,1,1,0,7.86,1.16,Townhouse,914811.16
Downtown,2478,2,1,2,13,1,0,0,6.83,0.3,Apartment,920848.44
Lakeview,2400,3,2,1,11,1,0,1,8.33,1.38,Townhouse,974462.69
Downtown,2233,3,2,1,11,2,0,1,8.05,1.04,Condo,950082.95
Lakeview,2406,3,2,2,22,2,1,1,8.29,0.5,Condo,1032125.67
Downtown,2077,4,3,2,24,0,1,1,6.26,1.33,Villa,948510.64
Uptown,2327,5,3,3,9,1,1,0,8.84,0.92,Villa,1226929.24
Riverside,1701,3,2,3,9,2,1,1,8.32,1.11,Condo,961269.97
Old Town,2303,1,3,3,37,0,0,0,5.65,0.61,Villa,907144.75
Suburban,2468,5,1,2,20,2,0,1,6.0,0.62,Townhouse,1008207.06
Old Town,1732,5,3,1,34,0,1,1,6.5,0.07,Condo,812024.2
Old Town,2129,2,2,3,13,1,1,1,9.68,0.83,Villa,969168.24
Old Town,1757,3,3,3,11,2,1,0,6.63,1.15,Townhouse,923088.21
Riverside,1810,5,3,2,11,1,1,1,5.1,1.45,Villa,870389.29
Old Town,1481,3,3,3,21,0,1,0,5.71,1.34,Townhouse,759841.1
Uptown,2796,3,3,3,31,0,1,1,5.16,0.18,Apartment,1074988.52
Old Town,2686,5,1,2,20,2,1,0,7.01,1.47,Condo,973700.24
Riverside,2396,5,1,1,11,2,1,0,8.99,0.27,Townhouse,1083364.58
Downtown,3185,3,2,1,38,0,0,0,7.25,0.11,Apartment,1058908.57
Riverside,1996,1,2,3,22,2,1,0,9.19,1.14,Townhouse,962900.29
Downtown,3767,3,1,2,15,1,1,1,5.24,1.36,Villa,1161326.83
Suburban,1975,4,3,1,0,0,0,1,7.35,1.43,Condo,892335.38
Lakeview,2240,2,1,1,22,1,1,0,8.94,1.25,Condo,884074.23
Downtown,1881,3,3,3,24,2,1,0,8.37,0.35,Villa,1034630.51
Old Town,2305,4,1,1,37,0,1,1,9.26,0.27,Townhouse,896717.92
Uptown,2560,1,2,1,9,2,1,1,6.37,0.14,Apartment,984764.37
Lakeview,2037,3,3,2,6,1,0,0,7.5,0.89,Condo,948888.03
Suburban,3077,4,2,2,39,1,0,0,8.38,0.76,Townhouse,1089773.31
Suburban,2232,2,3,3,22,2,0,0,5.84,0.21,Townhouse,989671.91
Riverside,2249,3,3,3,1,1,1,0,9.08,0.72,Townhouse,1050898.64
Old Town,1600,4,3,2,4,0,1,0,6.56,0.87,Villa,846847.68
Lakeview,2330,1,2,1,19,2,1,1,5.47,1.1,Townhouse,870363.44
Suburban,2026,4,3,3,24,1,0,1,8.83,0.65,Villa,1079196.7
Suburban,1765,2,2,2,9,1,0,0,8.53,0.51,Townhouse,824398.61
Suburban,1673,2,3,3,14,2,1,0,9.42,1.02,Apartment,923235.09
Lakeview,3569,4,3,2,29,0,1,1,9.46,1.04,Apartment,1231466.1
Downtown,1955,1,1,1,38,2,1,0,6.39,0.44,Condo,723164.08
Riverside,1299,1,2,3,19,1,1,0,8.21,0.08,Townhouse,780472.97
Downtown,1716,3,3,1,16,1,1,0,10.0,1.42,Apartment,841640.62
Suburban,2072,5,1,3,14,1,1,0,6.22,1.15,Apartment,909069.54
Lakeview,2401,1,3,3,5,2,0,1,7.36,0.34,Townhouse,1119898.88
Downtown,2405,4,1,1,2,0,1,0,9.55,0.87,Apartment,892394.12
Riverside,2472,1,3,3,33,0,1,0,5.52,0.91,Villa,947144.02
Lakeview,1745,3,3,1,1,1,1,0,9.64,0.23,Villa,978735.7
Hillview,2287,3,1,2,32,0,0,1,7.44,0.33,Apartment,922214.46
Downtown,1618,3,3,2,9,0,1,1,9.47,1.44,Villa,915549.09
Old Town,1759,1,1,2,27,1,1,1,8.11,0.79,Villa,791799.22
Lakeview,1595,4,2,2,38,2,0,0,8.36,0.33,Apartment,881876.28
Riverside,1446,2,3,2,29,2,0,1,8.86,1.21,Townhouse,881396.19
Old Town,2685,4,1,2,29,0,0,1,5.34,0.73,Villa,912010.51
Old Town,2479,4,1,3,10,2,1,1,8.14,0.98,Apartment,1025826.65
Hillview,2637,3,2,1,23,1,0,1,9.62,0.48,Apartment,1034949.96
Suburban,2122,2,2,3,25,0,0,0,9.78,0.13,Condo,928075.99
Uptown,2527,4,1,1,17,2,0,1,9.84,0.29,Apartment,1024561.6
Lakeview,1131,5,2,1,1,1,0,1,8.23,1.46,Condo,744287.91
Downtown,2575,5,1,3,36,1,1,1,8.17,0.95,Apartment,1047412.28
Uptown,2197,5,1,1,7,1,1,1,7.76,1.26,Apartment,900875.38
Uptown,2445,2,1,3,38,2,1,1,8.04,0.08,Townhouse,1098080.61
Uptown,2309,3,1,1,37,0,1,0,8.06,1.16,Condo,883637.4
Riverside,1557,2,3,1,0,0,0,1,5.21,0.75,Apartment,708190.21
Old Town,1276,5,3,3,29,1,1,1,5.44,1.01,Villa,823161.09
Uptown,1708,5,2,1,25,0,0,0,8.1,0.57,Condo,849091.1
Suburban,2411,5,3,3,9,1,1,0,6.57,0.95,Apartment,1026053.09
Uptown,2480,1,2,2,32,1,0,0,6.51,0.1,Apartment,899470.72
Lakeview,1348,2,3,3,4,0,1,1,5.97,0.12,Villa,898718.76
Hillview,1560,4,1,3,9,1,0,0,9.01,1.21,Condo,879287.36
Riverside,1702,4,1,1,37,1,0,1,9.82,0.23,Condo,818291.99
Old Town,1903,2,3,1,29,1,0,0,8.14,0.07,Townhouse,795902.45
Downtown,1351,1,1,2,4,0,1,1,9.73,1.37,Townhouse,724629.66
Lakeview,1318,1,3,3,5,2,0,1,9.42,0.44,Apartment,953538.61
Riverside,1648,4,2,1,10,2,1,0,6.09,0.89,Apartment,793001.08
Downtown,2147,3,2,1,2,1,0,0,5.77,1.27,Condo,831792.85
Uptown,1451,3,2,2,7,0,1,1,6.06,1.13,Townhouse,730973.8
Hillview,2036,5,3,1,22,2,0,0,5.48,0.12,Apartment,973574.59
Hillview,2682,1,1,1,0,0,0,1,7.91,0.86,Townhouse,914422.0
Downtown,1384,4,3,1,11,0,0,1,6.41,0.84,Townhouse,805619.21
Uptown,1986,2,3,3,12,0,1,0,9.56,0.56,Townhouse,1008736.87
Hillview,2664,5,3,3,38,2,0,1,8.07,1.14,Condo,1162668.66
Uptown,1870,5,3,1,38,0,0,1,6.8,1.45,Townhouse,810055.26
Uptown,1784,3,3,2,33,1,1,0,9.92,0.26,Apartment,997891.15
Suburban,2740,2,2,2,13,0,1,1,9.77,0.26,Condo,1056681.18
Suburban,1932,2,2,2,21,0,1,0,8.89,1.12,Apartment,825136.86
Lakeview,2707,1,2,3,20,1,1,1,8.96,0.71,Townhouse,1161530.69
Old Town,2336,5,3,2,34,2,1,0,9.89,1.2,Condo,1043082.18
Old Town,1911,1,2,3,29,0,1,1,8.0,0.25,Apartment,868990.0
Riverside,2364,3,2,1,36,0,1,1,9.4,0.11,Condo,920955.62
Hillview,2276,3,1,1,22,0,0,0,5.32,1.06,Condo,805719.46
Uptown,2661,4,1,2,36,2,0,0,7.77,1.49,Townhouse,993827.58
Downtown,1798,5,1,3,29,0,0,0,7.51,0.19,Villa,934843.53
Old Town,2123,3,2,2,29,0,1,0,5.19,1.3,Apartment,762565.01
Lakeview,2066,4,2,2,26,1,0,0,5.43,0.61,Townhouse,895195.03
Suburban,2487,3,3,1,13,0,1,1,5.11,0.07,Apartment,916695.61
Suburban,1536,3,2,2,24,0,0,0,6.47,0.79,Townhouse,725681.04
Lakeview,2659,1,1,3,14,1,0,1,5.27,0.45,Apartment,933530.98
Downtown,2356,2,2,2,25,1,0,0,7.12,1.06,Villa,932638.45
Riverside,1376,3,1,1,10,0,0,1,9.06,0.47,Townhouse,731453.63
Old Town,2765,1,3,3,31,2,1,1,8.07,0.75,Apartment,1077220.91
Uptown,3329,2,3,3,22,0,0,1,8.37,0.34,Condo,1216749.95
Downtown,2651,3,1,2,28,2,0,0,5.16,1.25,Townhouse,974966.81
Old Town,2885,3,1,2,8,0,0,1,9.2,1.39,Apartment,988102.74
Suburban,2147,5,1,2,31,0,0,1,5.73,0.63,Condo,833810.97
Uptown,1186,5,2,3,32,0,1,0,6.51,0.7,Townhouse,814821.02
Hillview,1086,4,1,2,5,2,1,0,7.58,1.47,Condo,754578.8
Old Town,2240,1,3,1,14,1,0,1,9.65,0.26,Townhouse,935199.32
Riverside,1774,3,1,1,27,2,0,0,9.99,1.22,Townhouse,818415.55
Suburban,1597,4,2,3,34,0,0,0,8.91,0.87,Villa,866346.01
Lakeview,2065,3,2,3,29,0,0,1,8.65,1.33,Apartment,946915.01
Hillview,2439,3,1,3,18,0,1,1,7.64,0.47,Apartment,1021949.52
Riverside,1301,3,3,1,11,1,1,1,8.33,0.48,Villa,818219.46
Riverside,1853,3,1,1,36,0,0,1,5.72,0.52,Villa,763865.22
Uptown,2930,3,3,2,34,2,0,0,6.35,0.07,Condo,1069332.92
Uptown,1509,1,3,1,35,2,0,0,9.92,0.3,Townhouse,859659.28
Old Town,2578,3,2,2,12,0,0,1,9.9,1.49,Villa,1025219.52
Riverside,1833,2,3,2,17,1,0,1,6.61,0.41,Townhouse,922072.08
Hillview,2400,4,2,1,9,1,1,0,6.21,0.08,Townhouse,969285.09
Hillview,2704,5,1,1,38,2,0,0,6.15,0.45,Condo,1022456.29
Hillview,2508,3,1,2,34,1,0,0,7.42,0.64,Villa,1020834.5
Downtown,2600,2,3,3,6,1,1,0,6.12,0.84,Apartment,1031044.2
Old Town,1467,5,2,2,9,0,0,0,8.24,0.15,Apartment,804643.92
Hillview,2713,4,3,1,22,1,0,1,5.37,1.2,Apartment,964211.35
Lakeview,1631,3,1,1,16,2,0,1,5.52,1.25,Townhouse,744134.76
Old Town,2243,1,3,2,18,1,0,1,6.38,0.36,Condo,860559.14
Riverside,2242,1,3,1,14,0,0,0,8.89,1.21,Townhouse,819765.61
Old Town,2367,2,1,3,26,0,0,0,6.62,0.57,Condo,891353.06
Suburban,2285,2,2,3,35,0,1,1,7.35,0.66,Townhouse,892348.7
Downtown,1636,4,3,1,36,2,1,1,8.28,1.41,Condo,860202.39
Hillview,1358,3,1,3,18,0,0,1,8.94,1.34,Villa,861932.63
Lakeview,2580,5,1,1,33,1,0,0,6.54,0.59,Villa,1018937.48
Uptown,2202,3,1,2,27,1,0,0,8.65,0.76,Condo,923692.22
Hillview,2732,5,2,3,7,0,1,1,6.43,0.47,Townhouse,1184820.01
Downtown,2075,3,1,1,31,2,0,1,8.22,0.8,Villa,900551.95
Lakeview,1327,2,2,1,14,2,1,1,7.25,1.04,Condo,769648.77
Old Town,2631,4,3,1,25,2,1,0,9.63,0.18,Condo,1055640.96
Riverside,1896,3,1,3,28,2,0,0,9.91,1.38,Villa,988243.14
Lakeview,2288,2,1,1,37,2,0,0,8.87,1.09,Townhouse,951736.65
Uptown,1744,3,2,2,37,2,0,0,9.58,0.19,Villa,937671.66
Uptown,3004,4,1,2,32,1,1,0,5.68,1.31,Villa,1003742.48
Suburban,1618,2,1,3,20,2,0,1,8.27,1.13,Condo,836668.29
Lakeview,1914,4,1,3,16,1,0,0,5.99,0.5,Townhouse,969879.32
Old Town,2159,5,1,3,17,0,1,1,6.38,0.81,Apartment,960344.43
Old Town,1499,3,3,3,38,1,1,0,7.61,1.3,Townhouse,836867.26
Uptown,2282,2,1,2,8,1,0,1,8.71,1.45,Townhouse,969254.52
Hillview,2987,3,2,2,20,0,0,0,8.61,0.46,Townhouse,1146961.52
Suburban,1830,5,3,1,27,2,1,0,9.35,0.99,Villa,1002019.44
Riverside,2317,1,2,3,0,2,0,1,7.8,1.3,Townhouse,1017089.01
Riverside,588,5,2,2,25,1,1,1,9.63,1.48,Condo,672184.76
Lakeview,2079,3,2,2,10,1,1,0,9.44,0.15,Apartment,1006810.95
Uptown,1928,5,3,1,11,2,0,1,9.25,0.78,Townhouse,1034140.97
Riverside,1650,4,1,1,24,1,0,0,6.15,1.32,Condo,694904.76
Uptown,2695,4,1,2,0,2,1,1,7.66,0.05,Villa,1173347.35
Uptown,1921,5,3,2,6,1,1,1,8.68,0.68,Villa,1124160.7
Riverside,2002,1,1,2,18,0,0,1,9.88,0.9,Apartment,794439.21
Riverside,1893,3,1,1,23,2,1,0,5.06,0.81,Apartment,766916.31
Lakeview,1046,1,1,1,4,0,1,0,6.64,1.11,Villa,636791.04
Old Town,1477,2,1,3,14,0,1,1,6.71,0.15,Condo,732821.69
Suburban,2629,1,1,2,12,2,1,0,6.44,1.19,Apartment,859104.96
Uptown,940,4,2,2,21,2,0,1,9.09,0.46,Apartment,768867.12
Hillview,1679,4,2,1,12,2,1,0,5.23,1.25,Condo,819559.43
Old Town,1880,4,1,2,0,2,1,0,6.8,0.66,Condo,864418.88
Uptown,3059,1,3,2,21,0,0,0,8.56,0.11,Apartment,1054575.56
Lakeview,2523,2,1,2,33,2,0,0,7.03,1.45,Villa,926237.37
Riverside,1794,4,3,3,23,1,1,0,5.72,1.18,Villa,951337.77
Riverside,2817,5,3,3,14,0,1,0,8.05,0.55,Villa,1200916.82
Suburban,1693,5,2,1,19,1,0,0,7.61,0.44,Apartment,793697.66
Hillview,2655,1,2,2,5,0,1,0,9.91,0.9,Apartment,981999.0
Riverside,1353,3,1,3,9,1,1,1,8.74,1.48,Townhouse,819375.62
Riverside,2690,1,1,2,17,1,1,1,9.93,0.47,Apartment,1007349.91
Hillview,1877,5,3,1,23,0,1,1,5.93,1.42,Townhouse,867810.43
Riverside,1534,1,2,1,19,2,1,1,8.81,0.53,Apartment,742606.84
Old Town,1981,5,1,3,38,1,0,0,7.76,1.07,Apartment,867926.88
Old Town,2253,1,3,3,25,2,1,1,8.56,0.6,Apartment,1012878.69
Suburban,1828,1,3,1,0,1,1,1,7.34,0.17,Villa,878046.69
Downtown,2405,5,1,2,20,1,1,0,6.06,1.41,Villa,982410.59
Uptown,1779,3,1,2,23,2,1,1,5.23,0.29,Villa,889478.28
Downtown,2441,3,1,1,1,0,0,1,9.19,1.42,Villa,929938.4
Riverside,2343,4,1,2,15,2,1,1,9.07,0.2,Condo,1019067.56
Hillview,2066,2,2,3,34,0,1,0,5.81,0.44,Villa,889133.65
Downtown,1857,4,1,1,14,2,1,1,8.23,1.39,Condo,887990.65
Hillview,2183,3,2,1,18,1,0,1,8.69,1.0,Apartment,928701.35
Uptown,2403,2,1,2,8,1,0,1,7.79,0.32,Villa,1015002.17
Hillview,3234,2,3,1,3,0,0,1,6.59,0.91,Apartment,1071309.57
Riverside,2617,1,3,3,12,1,1,1,9.4,0.31,Villa,1159748.23
Downtown,2637,2,2,2,30,1,1,0,8.21,1.32,Apartment,937696.34
Lakeview,3799,3,2,1,39,2,0,1,8.6,0.12,Apartment,1246088.44
Riverside,2384,1,1,2,26,2,0,0,8.26,0.82,Apartment,868464.78
Uptown,2367,1,1,3,33,1,1,0,8.61,0.14,Apartment,1021845.6
Suburban,2487,4,2,2,25,1,1,0,5.73,1.06,Villa,998365.05
Suburban,1545,3,1,2,26,1,1,1,9.61,1.41,Townhouse,800897.06
Uptown,1856,1,2,1,17,1,0,1,6.43,1.26,Apartment,776029.61
Lakeview,1822,4,2,1,2,0,1,1,9.18,0.59,Townhouse,972552.21
Lakeview,2456,4,1,1,16,0,0,0,9.47,0.39,Villa,986166.89
Uptown,2004,1,2,1,34,2,1,1,8.26,0.23,Villa,914348.67
Suburban,2176,2,2,1,21,0,1,1,7.99,1.32,Condo,799071.89
Lakeview,2698,2,3,2,30,1,1,1,5.55,0.17,Villa,1111128.2
Hillview,2575,4,1,1,2,2,0,1,7.18,0.96,Villa,1049700.18
Suburban,2011,1,2,2,8,1,1,0,8.06,0.58,Apartment,837916.72
Downtown,1732,5,3,3,11,1,1,0,5.41,1.49,Apartment,899626.28
Lakeview,2724,2,1,3,14,2,1,1,5.56,0.79,Condo,1085343.38
Suburban,2526,1,3,2,39,0,1,1,9.97,0.85,Townhouse,935196.49
Uptown,1217,5,3,1,18,1,1,0,6.66,1.38,Villa,797776.13
Downtown,1928,1,2,2,26,0,1,0,6.75,1.46,Villa,753348.1
Suburban,2191,1,3,3,25,1,0,1,6.26,0.9,Townhouse,890839.01
Suburban,2528,5,3,2,16,0,0,0,8.23,1.2,Apartment,1007369.44
Suburban,2601,3,1,3,38,2,0,0,7.37,0.97,Condo,981583.86
Hillview,2256,3,3,3,8,1,1,1,8.95,0.67,Condo,1098850.21
Lakeview,2422,4,1,1,1,0,0,0,7.56,0.13,Townhouse,1002859.63
Lakeview,2135,4,1,1,29,1,0,0,5.08,1.09,Townhouse,863351.07
Uptown,1729,4,1,1,26,1,1,1,7.41,1.07,Apartment,790689.32
Suburban,1956,1,2,1,10,1,0,1,5.28,0.22,Condo,760140.82
Lakeview,2110,3,3,1,34,0,0,0,9.13,0.38,Townhouse,927086.39
Old Town,2081,2,2,2,6,1,0,1,5.57,1.11,Condo,828052.19
Old Town,1063,5,2,2,10,0,0,0,6.08,0.27,Condo,669288.49
Hillview,1881,3,1,2,6,0,0,0,7.3,1.05,Townhouse,886275.87
Uptown,2131,1,2,3,7,1,1,0,5.98,1.09,Villa,972679.63
Lakeview,1945,5,2,3,29,1,1,1,7.7,0.56,Townhouse,1022926.84
Hillview,1964,2,2,3,28,0,1,0,7.3,0.42,Townhouse,900394.54
Hillview,2368,2,1,3,25,0,0,0,9.76,0.59,Villa,1036371.22
Uptown,1507,5,1,2,34,1,1,1,5.44,0.57,Townhouse,814003.72
Suburban,1205,4,3,3,2,2,0,1,7.88,0.93,Condo,899514.99
Riverside,1909,5,2,2,24,2,0,1,8.6,1.13,Apartment,937635.09
Hillview,2520,4,2,1,4,0,1,1,5.64,1.3,Townhouse,993720.29
Downtown,3028,5,1,1,38,2,0,0,8.18,0.09,Condo,1087647.67
Riverside,2530,1,3,1,25,1,0,1,9.32,1.1,Villa,1040313.88
Uptown,1292,3,2,3,30,1,0,0,8.94,0.51,Villa,904026.88
Lakeview,1972,2,2,1,22,0,0,1,9.68,1.27,Apartment,805624.89
Old Town,2241,2,3,3,15,0,1,1,8.6,0.16,Villa,1092142.41
Riverside,2198,2,1,3,27,2,0,0,6.97,0.85,Townhouse,945106.97
Old Town,2397,2,2,2,33,0,0,0,9.6,0.85,Condo,890363.69
Hillview,1596,3,3,3,7,0,0,1,6.13,0.52,Townhouse,933845.84
Old Town,2136,5,2,3,34,0,1,1,7.92,1.46,Villa,948953.83
Downtown,2331,4,1,3,29,2,1,0,8.83,0.21,Condo,1016870.6
Old Town,2554,2,1,2,3,2,1,0,9.36,0.25,Apartment,991276.26
Riverside,1657,3,1,1,37,0,1,1,9.58,0.98,Apartment,768729.26
Hillview,1910,3,2,1,7,2,0,1,5.42,0.8,Townhouse,886692.72
Lakeview,613,2,2,3,24,2,1,0,8.63,0.43,Condo,798669.29
Lakeview,1758,3,1,3,5,1,0,1,6.02,0.49,Apartment,930270.52
Hillview,1812,4,3,2,7,1,1,0,8.9,0.28,Apartment,995075.22
Riverside,1539,2,1,1,25,0,1,0,8.5,1.31,Townhouse,702213.92
Old Town,2191,3,2,3,27,0,0,0,5.91,0.88,Townhouse,906044.88
Suburban,2069,4,3,1,27,2,0,1,9.16,0.41,Townhouse,977815.45
Lakeview,857,3,1,2,13,0,1,0,7.31,0.62,Villa,711715.61
Uptown,2219,2,1,2,32,1,0,0,7.72,1.36,Apartment,837531.26
Uptown,1589,3,1,1,1,1,0,0,9.86,1.34,Villa,774122.3
Riverside,2367,4,2,1,34,0,0,0,8.28,0.15,Villa,962870.8
Riverside,1395,2,1,1,12,2,0,0,7.94,1.0,Villa,756510.95
Uptown,2117,3,3,3,24,2,0,1,5.08,0.27,Condo,1011672.78
Old Town,1944,4,1,3,36,2,0,1,6.0,0.36,Apartment,887936.86
Hillview,2267,2,3,2,10,1,0,0,5.13,1.3,Villa,947573.09
Old Town,2169,2,2,2,16,0,0,1,6.67,1.35,Apartment,743694.45
Old Town,1960,5,1,2,33,0,1,1,6.72,0.17,Townhouse,907364.87
Hillview,1255,2,1,2,34,1,1,0,7.65,1.32,Condo,677104.28
Uptown,1288,3,1,2,9,2,1,0,8.45,1.11,Condo,775195.75
Riverside,1779,1,1,2,20,0,0,1,5.9,1.17,Apartment,714369.57
Uptown,2095,5,1,2,13,2,0,0,8.01,1.2,Villa,1032167.51
Suburban,1765,3,2,2,20,0,0,0,9.58,0.79,Townhouse,848526.65
Riverside,2444,4,1,2,15,2,1,0,5.93,1.42,Apartment,941954.24
Lakeview,1946,4,3,3,0,1,0,1,8.3,0.34,Townhouse,1074805.29
Lakeview,1569,2,1,1,36,1,0,1,5.23,0.78,Apartment,674597.64
Lakeview,1947,2,1,1,25,1,1,0,7.66,0.51,Apartment,841629.6
Riverside,2224,4,1,2,18,1,0,0,8.71,1.24,Apartment,886391.45
Uptown,2279,5,1,1,4,0,1,1,5.17,0.17,Condo,889061.67
Lakeview,3133,1,3,1,2,1,0,1,6.67,0.68,Townhouse,1096705.1
Lakeview,1732,5,1,3,19,2,1,0,9.39,1.17,Condo,997511.43
Downtown,2060,5,1,2,25,0,1,0,6.13,0.5,Townhouse,908589.3
Uptown,2334,1,3,2,10,2,1,0,8.61,0.4,Condo,986866.19
Lakeview,2087,1,2,3,29,1,1,0,8.06,0.43,Villa,934125.58
Uptown,1825,4,1,1,15,2,1,1,5.82,1.08,Condo,848730.8
Suburban,1248,5,3,2,0,2,0,1,8.71,0.47,Apartment,874965.45
Uptown,1819,2,1,1,21,0,0,1,7.66,0.63,Townhouse,755970.24
Downtown,1509,4,1,2,7,0,0,1,5.56,0.84,Condo,699239.11
Old Town,1150,5,2,1,0,2,0,1,9.75,1.41,Condo,807172.82
Hillview,1662,2,3,3,5,0,1,1,7.46,1.2,Villa,955118.46
Old Town,1524,2,1,1,11,1,0,0,8.73,0.32,Apartment,702674.86
Hillview,2421,5,3,1,20,2,0,0,6.09,1.33,Townhouse,1017966.38
Suburban,2431,2,1,1,39,1,0,1,5.69,1.27,Apartment,706275.95
Hillview,1603,3,3,1,8,0,0,0,8.71,1.13,Condo,787310.85
Hillview,1957,3,1,1,2,0,1,1,8.37,0.8,Townhouse,861966.82
Hillview,1078,3,2,1,7,2,0,0,6.37,0.15,Townhouse,734321.43
Riverside,1828,2,2,3,12,2,0,0,8.73,1.08,Villa,950252.21
Riverside,2319,4,1,3,8,1,1,0,7.52,0.8,Apartment,991374.99
Suburban,2554,4,2,3,12,1,0,0,6.74,0.5,Townhouse,1075280.96
Old Town,1708,2,3,3,38,2,0,0,8.93,0.06,Villa,916034.9
Hillview,2679,3,2,3,15,2,1,0,8.08,0.39,Villa,1192999.12
Riverside,1266,1,2,2,25,1,1,0,7.54,0.93,Apartment,694268.59
Riverside,1414,2,3,2,27,1,0,0,8.87,0.21,Villa,835017.92
Riverside,2490,5,3,2,5,2,1,1,7.72,1.0,Condo,1106779.18
Suburban,3019,3,1,1,9,2,0,0,9.69,1.24,Condo,1034483.8
Hillview,2371,4,3,2,16,1,0,1,9.09,0.51,Villa,1142260.22
Uptown,2078,5,3,3,18,2,0,0,6.79,0.17,Apartment,1089294.94
Riverside,893,4,3,1,0,0,1,1,7.32,0.25,Apartment,717507.45
Lakeview,988,4,3,3,25,2,1,1,9.79,0.57,Apartment,928043.44
Old Town,2171,4,3,3,12,0,1,1,9.48,1.23,Apartment,973462.26
Suburban,1903,3,3,2,12,0,0,1,5.96,0.97,Townhouse,853719.21
Riverside,1492,4,1,2,24,1,0,0,6.37,1.31,Townhouse,742259.32
Downtown,2136,2,3,1,37,0,0,1,6.82,1.49,Condo,769059.2
Downtown,2163,5,1,1,34,1,0,0,9.4,0.34,Villa,985491.4
Riverside,2619,1,2,1,39,2,0,1,9.64,1.06,Condo,966718.09
Old Town,2175,5,3,3,16,2,1,0,9.01,0.73,Apartment,1055797.67
Uptown,2776,5,1,2,4,1,1,0,6.38,0.77,Apartment,1035489.2
Downtown,2104,1,3,1,8,1,1,1,9.44,0.52,Condo,908016.29
Uptown,2037,4,2,2,13,1,0,1,5.16,0.55,Condo,873293.46
Suburban,2685,5,1,3,12,0,0,1,7.11,1.03,Townhouse,1095012.04
Downtown,1562,3,1,1,8,2,0,1,6.89,0.95,Townhouse,773137.87
Hillview,3648,2,2,1,6,0,1,1,7.68,0.51,Townhouse,1155178.65
Uptown,2306,5,2,3,7,1,1,1,7.8,0.22,Condo,1093710.62
Hillview,2309,3,2,3,26,2,0,1,6.13,0.89,Apartment,997720.81
Downtown,2389,1,1,2,19,2,1,0,6.02,1.12,Apartment,841439.77
Downtown,3132,2,1,3,1,1,1,1,9.02,0.86,Apartment,1185511.83
Riverside,2536,4,1,2,22,0,0,1,5.38,0.06,Villa,950061.55
Old Town,1217,3,1,2,33,2,0,1,7.47,0.46,Apartment,664996.64
Lakeview,2872,2,3,1,17,2,0,1,5.96,1.18,Townhouse,1063354.6
Riverside,1913,4,1,3,12,1,1,1,6.6,1.13,Apartment,892059.84
Suburban,2159,1,3,3,10,0,0,1,6.39,0.07,Townhouse,931046.38
Lakeview,1396,2,1,1,15,1,0,0,8.54,0.73,Townhouse,758870.91
Suburban,2389,3,2,3,11,1,1,1,7.28,0.68,Apartment,1007637.79
Downtown,1742,1,3,3,36,2,0,1,6.5,1.0,Villa,910189.56
Riverside,2155,2,2,1,39,2,0,1,9.16,0.23,Townhouse,883958.85
Riverside,1944,5,1,1,13,0,1,1,5.43,0.95,Apartment,743217.62
Hillview,3159,5,2,2,36,0,1,1,8.83,1.42,Townhouse,1147709.29
Lakeview,3190,5,1,2,34,2,1,0,6.24,0.59,Condo,1124490.88
Lakeview,2126,2,3,2,3,0,1,1,9.59,0.54,Villa,1070010.14
Riverside,2135,1,3,2,19,1,1,1,5.03,0.09,Apartment,829532.13
Lakeview,1895,5,2,3,26,0,1,1,7.78,0.13,Townhouse,1027121.0
Hillview,2708,2,2,2,16,1,1,1,8.11,1.4,Condo,1022113.13
Downtown,1919,4,2,1,18,1,0,1,7.89,1.46,Villa,895228.62
Lakeview,1868,1,3,1,19,0,0,1,9.08,0.06,Condo,883614.11
Downtown,2638,4,2,3,27,1,1,0,5.56,1.36,Condo,1004076.5
Hillview,1804,3,3,3,11,1,0,1,7.08,0.3,Villa,1019432.7
Uptown,2079,5,2,2,23,0,1,1,9.32,0.86,Townhouse,1039732.0
Suburban,1230,1,1,1,9,2,0,1,9.44,1.03,Apartment,656199.18
Suburban,2487,3,3,1,35,2,1,0,7.49,0.57,Townhouse,1007138.26
Old Town,3167,5,2,1,3,1,1,1,7.79,0.82,Condo,1100331.82
Lakeview,2497,2,3,1,2,0,0,0,8.82,0.96,Condo,972653.26
Suburban,2904,4,2,2,1,1,0,0,8.9,0.33,Apartment,1099851.32
Hillview,1635,1,2,1,13,1,1,0,9.44,1.49,Townhouse,790680.47
Old Town,2230,4,2,1,24,1,1,1,9.22,0.35,Apartment,918503.8
Downtown,1581,2,2,1,39,1,1,0,7.07,0.06,Villa,792183.37
Hillview,1975,3,3,3,18,2,1,0,8.25,1.42,Condo,1047370.35
Uptown,2525,5,2,2,7,0,1,0,7.42,0.67,Townhouse,1084921.29
Hillview,2156,4,3,1,14,0,1,1,5.59,0.63,Villa,992273.46
Suburban,1323,3,2,3,5,0,1,0,9.11,0.45,Condo,791791.74
Suburban,1377,1,1,2,18,0,0,1,8.01,0.09,Condo,658357.0
Riverside,1340,2,3,1,29,2,1,0,5.29,0.43,Apartment,703443.77
Old Town,2370,5,2,3,1,2,1,1,8.38,0.62,Apartment,1123468.45
Old Town,3235,2,3,3,31,1,0,1,6.42,0.8,Townhouse,1104521.61
Suburban,2849,4,2,2,9,2,1,0,5.35,0.71,Condo,1026180.38
Old Town,1057,3,2,1,26,0,1,1,8.03,1.32,Apartment,633706.08
Riverside,2882,2,3,1,32,0,0,0,8.66,1.37,Townhouse,976906.92
Hillview,2615,4,2,2,31,2,1,1,7.59,0.51,Condo,1123349.67
Uptown,1250,2,3,3,26,1,1,1,5.03,1.44,Condo,747763.75
Hillview,1933,2,2,3,27,1,1,0,7.88,1.3,Townhouse,907139.49
Downtown,2703,3,1,3,7,2,0,0,5.03,1.4,Condo,1018462.27
Lakeview,2403,4,1,3,5,0,0,0,9.63,1.07,Condo,1041771.85
Downtown,1380,5,3,2,15,2,1,0,6.34,0.34,Condo,879328.57
Lakeview,2436,4,2,2,24,2,0,1,9.36,0.33,Townhouse,1109850.09
Downtown,924,4,2,3,24,1,0,0,5.06,1.37,Condo,673137.62
Old Town,1977,4,3,3,31,1,1,0,5.49,0.79,Apartment,913737.09
Downtown,2726,2,2,2,12,0,0,0,7.26,1.34,Apartment,897138.38
Downtown,2110,2,2,1,34,0,1,1,8.79,1.09,Townhouse,860926.31
Hillview,1826,3,3,3,17,0,1,1,9.71,0.36,Townhouse,1018374.53
Uptown,2589,4,1,1,9,2,0,1,7.61,0.61,Condo,1008762.49
Downtown,2636,4,1,2,29,0,0,0,6.78,1.45,Townhouse,925623.86
Lakeview,2821,1,3,2,5,0,0,1,5.22,0.08,Apartment,1019461.38
Riverside,2581,4,1,3,16,0,0,1,7.92,1.09,Condo,999001.81
Riverside,2695,2,3,1,31,0,1,0,6.9,1.47,Apartment,862991.1
Riverside,2503,5,1,2,30,0,0,1,9.55,0.2,Apartment,1000254.37
Old Town,2246,4,1,2,10,0,1,0,7.4,0.44,Townhouse,935674.34
Suburban,2149,5,3,1,6,2,1,1,8.83,0.84,Condo,1015246.23
Riverside,1970,4,2,1,1,2,0,1,9.24,1.27,Townhouse,940251.29
Suburban,1433,3,3,2,3,1,1,1,5.49,0.78,Apartment,769823.68
Downtown,1575,1,2,3,33,2,0,0,7.2,0.14,Apartment,817101.4
Riverside,1945,2,1,2,31,1,0,1,9.47,0.23,Condo,851070.72
Hillview,2233,5,3,3,20,2,0,1,7.12,0.6,Villa,1190473.6
Uptown,2892,2,1,3,22,2,1,0,7.83,0.52,Townhouse,1096120.02
Riverside,2077,1,1,3,13,0,0,1,9.37,0.37,Villa,890703.85
Riverside,2652,2,3,3,7,1,1,0,6.16,1.27,Apartment,1013817.7
Uptown,2694,3,1,3,0,2,1,0,9.47,0.09,Townhouse,1174735.23
Hillview,1973,4,2,3,26,0,0,1,6.99,1.25,Townhouse,930095.29
Uptown,2427,5,2,1,1,1,1,0,7.97,1.39,Villa,1063248.9
Lakeview,1966,5,3,3,4,1,0,0,6.64,0.96,Townhouse,983142.01
Uptown,2827,3,1,1,31,0,1,0,7.64,0.96,Villa,1014466.1
Lakeview,2450,3,1,3,23,0,0,1,5.25,0.27,Townhouse,1016966.94
Riverside,1445,5,2,2,19,0,1,0,5.33,0.87,Condo,741398.67
Riverside,2189,1,2,3,8,2,0,0,7.07,0.59,Townhouse,945950.39
Riverside,3006,3,3,2,5,2,0,1,6.67,0.38,Villa,1205889.67
Suburban,2000,3,2,2,18,1,0,0,8.08,0.9,Apartment,868280.4
Uptown,2346,4,1,2,14,0,0,1,5.19,0.05,Townhouse,932432.95
Uptown,2400,5,3,2,21,0,0,1,5.84,0.45,Townhouse,996180.58
Uptown,1530,4,2,2,6,1,0,1,6.05,1.0,Villa,933042.32
Suburban,2381,4,3,2,9,0,0,1,7.2,0.71,Condo,1004283.1
Old Town,1333,4,3,2,4,1,0,0,6.23,0.26,Villa,844261.33
Suburban,1756,3,1,2,16,2,1,0,5.69,0.05,Villa,866074.38
Lakeview,2692,2,2,1,11,0,1,0,7.99,0.44,Townhouse,1014092.93
Suburban,2296,2,2,2,8,1,0,0,8.72,0.85,Apartment,927606.58
Suburban,1933,4,2,1,21,2,0,1,8.43,0.83,Townhouse,846980.83
Old Town,2346,4,1,1,19,1,1,1,6.38,0.24,Condo,869708.2
Lakeview,2067,2,2,2,8,2,1,1,9.27,0.94,Condo,988889.25
Lakeview,2107,5,2,1,27,2,1,0,8.06,1.5,Villa,993024.13
Downtown,2461,5,1,2,13,1,0,1,8.07,0.9,Villa,1087049.85
Riverside,1700,4,1,3,13,0,0,1,6.06,0.82,Villa,828048.0
Suburban,2122,2,1,3,19,2,0,1,6.21,0.95,Apartment,839631.44
Riverside,1928,5,3,1,5,1,0,1,7.37,1.33,Townhouse,904196.37
Old Town,1228,2,3,2,16,1,0,1,6.19,1.42,Villa,730698.63
Suburban,1594,3,2,2,23,0,0,0,8.44,0.11,Apartment,807523.14
Downtown,2963,5,2,3,5,2,1,0,6.54,0.35,Townhouse,1269923.09
Old Town,2312,3,1,2,22,0,1,1,5.76,0.22,Townhouse,862001.15
Downtown,1372,2,1,3,1,0,1,0,5.76,1.17,Apartment,728922.02
Suburban,1253,1,3,3,24,0,1,0,5.64,0.12,Villa,779494.06
Downtown,2038,2,1,1,1,1,1,1,7.2,1.36,Condo,820781.73
Downtown,2959,4,1,2,7,0,1,1,5.02,0.08,Townhouse,1062812.98
Old Town,1997,4,3,2,14,1,0,0,7.71,0.92,Condo,893071.7
Uptown,2819,2,2,2,24,0,0,0,6.49,0.45,Villa,995785.02
Uptown,2294,1,1,2,28,1,1,1,7.76,0.73,Villa,909030.18
Downtown,2359,4,2,1,18,2,1,1,9.68,0.69,Villa,1089697.05
Downtown,1365,1,3,2,5,1,1,0,9.35,1.14,Villa,846739.44
Riverside,2616,1,2,3,15,1,1,1,7.88,0.77,Apartment,1001292.32
Hillview,1916,3,2,1,31,0,0,0,7.09,0.66,Apartment,804700.22
Uptown,2575,3,2,2,3,0,0,1,8.49,1.11,Condo,1009287.77
Uptown,1652,2,2,3,28,2,0,0,9.62,1.39,Townhouse,883730.52
Riverside,2197,2,3,2,15,1,0,1,7.45,1.2,Townhouse,927797.55
Suburban,2294,2,1,3,0,0,0,1,5.5,1.12,Townhouse,895635.75
Downtown,2015,2,1,2,27,1,1,1,8.83,0.76,Villa,898912.17
Suburban,2322,1,1,1,1,0,0,1,5.05,1.36,Condo,725591.92
Downtown,1953,1,2,3,14,0,0,0,8.82,0.76,Villa,923354.36
Lakeview,1743,2,2,1,7,1,1,0,5.42,1.4,Townhouse,751719.75
Suburban,2983,1,2,1,23,1,1,0,5.53,1.21,Townhouse,891206.2
Uptown,2677,2,3,1,2,1,0,0,8.91,0.27,Apartment,996567.92
Old Town,1682,3,2,3,3,2,0,0,8.45,0.12,Apartment,920101.0
Old Town,2413,1,1,3,21,0,1,0,7.81,1.12,Apartment,811421.68
Old Town,1692,4,2,1,39,0,1,1,9.1,1.04,Villa,837970.93
Uptown,1448,4,2,2,1,1,1,0,9.26,0.92,Apartment,873540.69
Downtown,2669,3,2,2,18,2,1,0,7.29,1.47,Apartment,991524.66
Downtown,1163,4,2,1,32,2,0,1,9.98,0.84,Condo,818953.98
Riverside,2610,5,3,3,11,2,0,1,6.79,0.55,Villa,1184603.78
Riverside,1961,1,1,3,19,0,1,0,5.86,0.87,Condo,753887.93
Old Town,1984,1,1,2,33,2,1,1,9.23,0.09,Villa,859788.83
Uptown,2325,2,2,2,29,2,0,0,7.08,0.89,Condo,962437.66
Hillview,2420,4,1,3,11,1,1,1,9.37,1.36,Condo,1122221.64
Suburban,1646,5,1,2,30,1,0,0,5.31,0.06,Condo,740240.15
Riverside,2495,5,2,2,27,1,0,1,5.56,1.28,Villa,988305.69
Uptown,2162,3,2,2,20,1,0,1,5.2,1.21,Apartment,872505.34
Suburban,1409,3,2,2,17,2,0,0,8.01,0.2,Villa,846527.65
Old Town,2007,3,1,2,37,0,0,1,9.16,1.28,Townhouse,810077.12
Old Town,2860,1,3,1,34,1,0,0,7.01,1.16,Townhouse,899860.05
Uptown,3022,3,2,2,39,2,0,1,5.45,0.76,Townhouse,1088948.8
Uptown,2495,3,1,2,27,1,1,0,6.87,0.41,Condo,930675.86
Old Town,1445,2,1,1,14,2,1,1,6.74,0.47,Apartment,694116.49
Riverside,2370,4,1,2,4,0,0,1,8.22,0.94,Villa,966696.81
Riverside,2568,5,2,2,5,0,1,1,8.26,0.41,Villa,1109743.55
Riverside,2499,2,2,2,38,2,0,0,5.52,0.52,Apartment,858401.22
Suburban,2532,5,2,3,14,0,1,0,7.1,1.4,Townhouse,1013846.3
Hillview,2300,1,2,2,4,1,0,0,8.21,1.11,Apartment,903681.56
Suburban,2060,5,3,2,8,0,0,1,6.29,1.12,Condo,938789.48
Hillview,1765,4,3,1,0,2,0,1,7.04,1.44,Apartment,897418.5
Uptown,1056,2,2,3,21,0,1,1,8.07,0.06,Apartment,781942.58
Lakeview,2287,4,3,1,23,1,1,1,7.01,0.4,Apartment,998698.7
Downtown,2202,2,3,2,15,2,0,0,5.15,1.0,Condo,850132.28
Uptown,2407,4,3,1,29,1,1,1,6.11,0.69,Condo,921136.34
Downtown,1364,1,1,3,19,1,1,1,8.88,0.21,Condo,805953.06
Riverside,2455,2,2,2,38,2,1,1,6.24,1.18,Condo,925864.0
Suburban,3230,2,2,1,30,1,1,1,9.09,0.12,Condo,1070528.37
Suburban,2143,1,1,1,3,2,0,1,7.33,0.84,Villa,834538.53
Suburban,2066,2,1,3,10,2,1,1,7.36,0.87,Apartment,905272.17
Downtown,2270,4,2,2,30,1,1,1,8.85,0.97,Villa,1034622.86
Uptown,3218,4,2,1,21,2,0,0,6.92,0.51,Apartment,1128515.08
Downtown,1537,3,3,3,30,1,0,1,6.19,0.08,Apartment,899335.5
Riverside,2212,1,3,1,13,2,1,0,5.53,1.34,Townhouse,827724.64
Hillview,1660,2,1,2,1,1,1,1,8.36,1.4,Apartment,820551.89
Lakeview,1799,5,3,1,31,1,1,1,7.35,0.75,Villa,982524.98
Uptown,2073,2,2,1,31,1,1,1,9.05,0.08,Villa,966356.11
Downtown,2841,1,2,1,25,1,0,0,7.29,0.89,Apartment,953894.95
Lakeview,3091,3,3,1,16,1,0,0,7.07,0.51,Townhouse,1117476.31
Hillview,2346,1,2,3,0,0,1,0,6.49,0.31,Condo,995898.62
Suburban,1893,2,1,2,29,1,1,1,6.0,0.29,Townhouse,773337.92
Old Town,3471,5,1,3,26,1,0,0,9.15,0.31,Apartment,1194238.15
Lakeview,1865,2,2,1,26,1,1,1,5.48,0.53,Condo,753504.39
Riverside,1786,4,1,3,6,1,1,0,9.51,0.46,Villa,1003862.66
Suburban,1124,3,1,1,29,1,0,1,5.13,1.26,Villa,620908.1
Lakeview,2868,2,3,1,28,0,1,1,7.61,0.77,Condo,958155.37
Lakeview,2633,4,1,1,34,1,1,1,5.29,0.67,Condo,950847.16
Lakeview,3430,3,1,3,22,1,1,1,8.9,0.26,Villa,1325705.26
Lakeview,1336,2,2,3,29,2,0,0,6.06,1.32,Villa,843760.94
Lakeview,2902,2,1,3,16,1,0,1,7.83,0.13,Condo,1091663.47
Old Town,2139,5,1,3,27,0,1,0,9.58,0.4,Apartment,976548.0
Suburban,2543,1,3,1,27,0,0,0,8.25,0.95,Villa,902572.61
Hillview,1194,5,2,3,31,2,1,0,5.89,1.07,Townhouse,872495.94
Suburban,2907,3,3,2,34,0,0,0,8.98,1.21,Villa,1060513.55
Old Town,2533,5,2,2,0,0,1,1,7.21,0.64,Villa,1071065.93
Hillview,2079,2,2,2,31,1,0,0,5.07,0.55,Apartment,859150.9
Lakeview,2455,3,1,2,31,1,1,1,7.43,0.47,Villa,1033399.45
Riverside,1679,4,2,1,21,1,1,0,9.06,0.87,Villa,880522.62
Suburban,1781,2,1,1,20,0,1,1,7.15,0.56,Condo,742424.22
Uptown,1845,2,3,2,28,2,0,1,8.79,0.53,Villa,988769.25
Downtown,1081,3,1,2,18,0,0,0,8.53,0.07,Apartment,673645.1
Old Town,2574,4,1,3,16,2,1,0,7.28,1.43,Condo,1015421.08
Uptown,2755,2,2,2,32,1,0,0,6.62,0.14,Villa,1080171.94
Old Town,1714,4,2,1,31,0,0,0,8.63,0.44,Condo,793539.59
Riverside,2292,4,1,2,8,1,1,0,6.84,1.39,Apartment,913034.69
Uptown,1954,1,2,2,33,0,0,1,5.85,1.12,Apartment,695716.06
Riverside,2281,5,1,3,13,2,1,0,6.6,0.89,Condo,995484.18
Hillview,1755,1,3,2,5,0,0,1,9.38,1.01,Apartment,854484.99
Old Town,1614,4,2,2,35,1,1,0,6.42,0.19,Apartment,785441.71
Downtown,2679,3,3,3,9,0,0,0,6.17,1.22,Townhouse,1086226.62
Old Town,2065,4,3,2,8,1,1,1,5.67,0.41,Villa,953086.46
Downtown,3212,4,2,3,10,1,0,1,5.28,1.44,Villa,1239215.05
Lakeview,2125,4,3,3,19,0,1,1,9.88,0.39,Villa,1146141.8
Hillview,1591,4,1,3,6,2,0,1,7.68,0.96,Villa,960207.47
Riverside,2775,5,3,3,6,0,0,0,8.65,0.84,Villa,1217830.12
Old Town,2447,4,2,2,15,0,0,1,8.86,0.26,Villa,1062367.61
Hillview,2500,5,3,1,8,1,0,0,6.76,0.58,Apartment,1045648.67
Suburban,2755,3,1,2,7,0,0,1,8.99,1.18,Apartment,950863.61
Riverside,1741,2,1,1,36,1,1,1,9.81,0.36,Apartment,794530.7
Riverside,2030,2,3,2,23,2,1,0,8.71,1.45,Townhouse,904161.06
Suburban,2006,4,2,3,0,0,1,1,8.56,0.48,Townhouse,985148.85
Uptown,1390,3,1,2,4,1,1,0,7.16,0.96,Apartment,757828.25
Downtown,1955,1,2,1,32,0,0,0,9.21,0.95,Villa,787200.91
Uptown,2835,2,1,1,10,0,1,0,5.44,0.73,Townhouse,937218.71
Riverside,2231,5,2,3,6,0,0,0,8.75,1.0,Apartment,992925.81
Old Town,1360,4,3,3,26,0,0,1,6.81,1.13,Villa,829088.59
Suburban,1244,4,3,2,33,1,1,0,7.83,0.95,Condo,747915.04
Riverside,3016,1,2,3,15,2,0,1,9.46,0.86,Villa,1209620.25
Uptown,2050,1,2,3,29,2,0,0,8.03,0.93,Apartment,895946.83
Suburban,1744,2,3,2,16,0,0,1,5.13,0.63,Townhouse,813670.28
Downtown,1949,5,1,1,4,2,1,1,8.61,0.15,Villa,1044933.59
Old Town,1287,3,1,3,31,1,1,1,9.65,0.28,Apartment,789111.48
Suburban,2883,4,1,2,36,1,1,0,8.21,0.93,Apartment,999481.7
Riverside,1884,3,3,3,39,2,1,0,9.31,1.39,Condo,943077.28
Old Town,2852,3,2,3,4,1,0,0,9.13,0.09,Condo,1134203.05
Old Town,2128,4,1,2,22,0,0,0,9.31,0.84,Townhouse,873378.22
Hillview,2886,5,1,2,24,1,0,0,6.72,0.42,Apartment,1058842.98
Hillview,2241,3,1,1,3,2,0,0,7.37,0.86,Condo,909934.48
Uptown,2569,3,3,3,38,2,0,1,9.24,1.14,Villa,1129464.61
Downtown,2496,5,2,1,4,0,0,0,9.55,1.12,Villa,1040783.79
Riverside,2443,2,1,2,10,2,1,1,5.73,1.1,Condo,927580.3
Downtown,2291,5,1,2,38,0,0,1,5.91,1.18,Villa,928231.36
Downtown,1972,3,2,1,22,2,0,1,6.73,0.16,Apartment,900551.41
Suburban,3153,5,2,2,27,0,1,1,8.85,0.79,Apartment,1116107.55
Hillview,1601,3,3,3,19,0,0,1,9.37,0.43,Condo,943097.73
Lakeview,2102,4,1,1,30,2,0,0,7.9,1.39,Townhouse,866827.02
Uptown,2108,2,1,1,3,1,0,0,5.57,1.19,Townhouse,779496.38
Hillview,2321,4,1,1,27,0,0,1,6.52,0.21,Townhouse,959527.32
Uptown,1864,2,2,1,2,0,1,0,9.29,0.4,Apartment,849808.58
Suburban,2273,4,3,1,7,0,0,0,6.74,0.71,Villa,920501.59
Uptown,2007,4,2,2,20,0,1,0,5.51,1.45,Condo,811306.45
Lakeview,1230,3,1,3,17,2,0,1,6.51,0.21,Apartment,796836.73
Downtown,2105,3,2,3,6,0,1,0,9.03,0.87,Condo,955740.16
Old Town,1495,2,2,3,31,0,0,0,7.47,0.54,Villa,805679.84
Uptown,1146,4,1,3,12,2,0,1,5.86,0.99,Villa,833804.21
Old Town,2175,3,3,2,34,2,0,1,6.56,0.99,Apartment,875345.71
Uptown,2368,3,2,3,0,0,1,1,9.77,0.4,Townhouse,1090435.41
Lakeview,2390,1,1,1,9,1,0,0,7.16,1.19,Villa,905237.02
Old Town,2412,1,2,3,11,1,1,1,7.21,0.18,Villa,1014928.42
Downtown,1037,1,3,1,23,1,0,0,5.77,1.24,Townhouse,587179.89
Riverside,1351,5,3,3,16,0,0,1,6.52,0.36,Townhouse,886270.29
Suburban,3185,5,1,1,6,2,1,1,9.07,0.9,Condo,1194647.08
Old Town,1524,1,3,1,22,2,0,0,8.93,0.55,Townhouse,798010.58
Hillview,2436,1,2,2,38,2,1,0,7.18,0.93,Apartment,963995.63
Old Town,1722,4,2,3,5,2,1,0,9.47,0.44,Townhouse,947957.4
Suburban,2144,3,1,1,10,0,0,0,6.9,0.87,Apartment,756342.44
Riverside,1752,2,3,1,19,1,1,1,9.32,0.06,Condo,861440.27
Hillview,2409,4,3,2,29,2,1,0,5.16,0.59,Villa,1085016.0
Downtown,2175,2,1,3,5,1,1,1,6.74,1.25,Townhouse,962795.17
Suburban,1853,1,2,3,9,2,0,1,9.28,0.72,Apartment,921700.66
Lakeview,1522,2,3,2,9,1,0,0,9.51,0.77,Villa,912748.25
Downtown,2247,5,2,2,24,2,1,0,8.78,0.95,Townhouse,1033734.67
Riverside,1433,4,1,2,3,2,1,0,8.35,0.68,Townhouse,873654.27
Suburban,2335,1,3,3,26,1,1,1,9.08,1.31,Apartment,985301.83
Downtown,3545,3,1,1,17,2,1,0,8.54,0.63,Apartment,1146823.81
Riverside,2843,5,2,1,13,1,0,1,6.27,1.42,Condo,1003984.77
Old Town,2495,5,2,1,34,0,0,0,7.33,1.32,Townhouse,882353.06
Suburban,2053,4,3,1,32,1,0,1,8.3,0.66,Condo,904467.41
Downtown,1034,1,2,2,32,2,0,0,7.94,0.58,Apartment,698219.02
Downtown,1373,2,3,3,35,0,1,0,9.43,1.03,Villa,881294.14
Hillview,2806,2,3,2,9,0,0,0,7.37,1.15,Townhouse,1040269.64
Lakeview,1666,1,3,2,34,1,0,1,5.89,0.32,Condo,819853.76
Suburban,1715,1,3,1,7,1,1,0,6.07,0.4,Townhouse,762517.54
Riverside,2009,2,3,2,13,1,0,0,9.23,0.26,Townhouse,937711.73
Riverside,1516,3,3,1,22,1,1,1,5.04,1.15,Villa,756454.3
Riverside,1425,2,3,3,29,1,1,1,9.35,1.09,Condo,875698.91
Suburban,2072,3,2,2,23,0,1,0,5.28,0.32,Villa,849338.28
Downtown,1610,2,1,2,22,0,0,0,6.96,0.83,Villa,779748.35
Old Town,1692,1,1,3,15,2,1,0,9.0,1.16,Townhouse,824876.43
Riverside,1670,5,3,1,23,1,1,1,7.04,1.42,Condo,856489.88
Riverside,2387,3,1,2,19,2,1,0,9.11,0.31,Condo,1012583.97
Suburban,1972,2,3,2,19,1,1,1,5.5,0.49,Apartment,870633.25
Lakeview,2002,5,3,1,23,0,1,0,7.56,0.56,Condo,926650.86
Hillview,2428,5,2,1,24,1,1,0,7.91,0.96,Villa,1049262.49
Riverside,2022,5,3,1,13,2,1,0,9.45,0.25,Apartment,1026807.2
Suburban,1947,1,1,1,5,2,1,0,5.47,0.33,Condo,706876.83
Uptown,2359,4,2,3,11,0,0,1,6.69,1.18,Condo,1043562.34
Lakeview,2468,5,3,1,16,2,1,0,8.3,0.84,Villa,1195088.83
Downtown,2019,5,3,1,6,1,0,0,9.9,0.28,Apartment,1023702.21
Lakeview,2144,2,1,3,7,0,1,1,9.24,0.61,Apartment,1001067.02
